<BackupInst xmlns="http://www.microsoft.com/GroupPolicy/GPOOperations/Manifest"><GPOGuid><![CDATA[{64D96BEB-3FF5-410C-B6FC-5CCF77351C99}]]></GPOGuid><GPODomain><![CDATA[MDTurbines.tk]]></GPODomain><GPODomainGuid><![CDATA[{66a20ef1-1a51-4696-8963-731dab4e5643}]]></GPODomainGuid><GPODomainController><![CDATA[MD-SERVER.MDTurbines.tk]]></GPODomainController><BackupTime><![CDATA[2019-10-28T12:29:23]]></BackupTime><ID><![CDATA[{00835685-51E1-4953-B2B8-59D90B2C00D2}]]></ID><Comment><![CDATA[]]></Comment><GPODisplayName><![CDATA[Office 365 Migration Auto Discover]]></GPODisplayName></BackupInst>
