<BackupInst xmlns="http://www.microsoft.com/GroupPolicy/GPOOperations/Manifest"><GPOGuid><![CDATA[{F6232073-E7FD-4EB9-9D1C-83503D14589E}]]></GPOGuid><GPODomain><![CDATA[COMPASSMSP.com]]></GPODomain><GPODomainGuid><![CDATA[{ef9e6cad-1cd1-445c-b010-b7d42429e993}]]></GPODomainGuid><GPODomainController><![CDATA[C-M1-DC3.COMPASSMSP.com]]></GPODomainController><BackupTime><![CDATA[2020-06-30T18:56:05]]></BackupTime><ID><![CDATA[{9DF7FA77-F8B3-49D2-8BF2-81BA27BFB01F}]]></ID><Comment><![CDATA[]]></Comment><GPODisplayName><![CDATA[UNC Hardening]]></GPODisplayName></BackupInst>
