<BackupInst xmlns="http://www.microsoft.com/GroupPolicy/GPOOperations/Manifest"><GPOGuid><![CDATA[{031E1CBF-4A31-42FD-9582-F88259F223FB}]]></GPOGuid><GPODomain><![CDATA[COMPASSMSP.com]]></GPODomain><GPODomainGuid><![CDATA[{ef9e6cad-1cd1-445c-b010-b7d42429e993}]]></GPODomainGuid><GPODomainController><![CDATA[C-M1-DC3.COMPASSMSP.com]]></GPODomainController><BackupTime><![CDATA[2020-06-30T18:56:31]]></BackupTime><ID><![CDATA[{3EA939D7-E7A4-43EC-BA3E-C607F246E05B}]]></ID><Comment><![CDATA[]]></Comment><GPODisplayName><![CDATA[WDigest Disable]]></GPODisplayName></BackupInst>
