<BackupInst xmlns="http://www.microsoft.com/GroupPolicy/GPOOperations/Manifest"><GPOGuid><![CDATA[{AEA3F80E-7A8B-4E85-92D9-DF221E375302}]]></GPOGuid><GPODomain><![CDATA[domain.com]]></GPODomain><GPODomainGuid><![CDATA[{ef9e6cad-1cd1-445c-b010-b7d42429e993}]]></GPODomainGuid><GPODomainController><![CDATA[server.domain.com]]></GPODomainController><BackupTime><![CDATA[2021-04-14T13:13:33]]></BackupTime><ID><![CDATA[{4D8B3C20-5A06-4827-B179-9DC2A27ACE19}]]></ID><Comment><![CDATA[]]></Comment><GPODisplayName><![CDATA[15 Minute Auto Lock]]></GPODisplayName></BackupInst>
