<BackupInst xmlns="http://www.microsoft.com/GroupPolicy/GPOOperations/Manifest"><GPOGuid><![CDATA[{023A644F-2D8F-4D58-9700-99FD2B9D2BAA}]]></GPOGuid><GPODomain><![CDATA[ad.q-ig.com]]></GPODomain><GPODomainGuid><![CDATA[{9825fdcc-a691-4199-9a31-eac5b891b29f}]]></GPODomainGuid><GPODomainController><![CDATA[QIG-SVR1.ad.q-ig.com]]></GPODomainController><BackupTime><![CDATA[2018-12-19T20:18:53]]></BackupTime><ID><![CDATA[{06F06C4D-4211-4CF2-84F7-28AE301BFDBC}]]></ID><Comment><![CDATA[]]></Comment><GPODisplayName><![CDATA[Audit Policy - Domain Controller]]></GPODisplayName></BackupInst>
