<BackupInst xmlns="http://www.microsoft.com/GroupPolicy/GPOOperations/Manifest"><GPOGuid><![CDATA[{0C853FE0-EF59-49CC-90E0-1219BD3813FB}]]></GPOGuid><GPODomain><![CDATA[domain.com]]></GPODomain><GPODomainGuid><![CDATA[{ef9e6cad-1cd1-445c-b010-b7d42429e993}]]></GPODomainGuid><GPODomainController><![CDATA[server.domain.com]]></GPODomainController><BackupTime><![CDATA[2021-04-14T13:12:58]]></BackupTime><ID><![CDATA[{D6635603-45F0-4D0C-A085-7F3D80629466}]]></ID><Comment><![CDATA[]]></Comment><GPODisplayName><![CDATA[SMB Signing]]></GPODisplayName></BackupInst>
