<Backups xmlns="http://www.microsoft.com/GroupPolicy/GPOOperations/Manifest" xmlns:mfst="http://www.microsoft.com/GroupPolicy/GPOOperations/Manifest" mfst:version="1.0"><BackupInst><GPOGuid><![CDATA[{B208501C-79C8-4CDC-AC0A-97866ABEBB69}]]></GPOGuid><GPODomain><![CDATA[domain.com]]></GPODomain><GPODomainGuid><![CDATA[{ef9e6cad-1cd1-445c-b010-b7d42429e993}]]></GPODomainGuid><GPODomainController><![CDATA[server.domain.com]]></GPODomainController><BackupTime><![CDATA[2021-02-02T15:04:43]]></BackupTime><ID><![CDATA[{74F4C698-F385-4199-A8D3-AD0E9E7D5559}]]></ID><Comment><![CDATA[]]></Comment><GPODisplayName><![CDATA[Audit Policy - Domain Controller AWN]]></GPODisplayName></BackupInst></Backups>