<Backups xmlns="http://www.microsoft.com/GroupPolicy/GPOOperations/Manifest" xmlns:mfst="http://www.microsoft.com/GroupPolicy/GPOOperations/Manifest" mfst:version="1.0"><BackupInst><GPOGuid><![CDATA[{B208501C-79C8-4CDC-AC0A-97866ABEBB69}]]></GPOGuid><GPODomain><![CDATA[COMPASSMSP.com]]></GPODomain><GPODomainGuid><![CDATA[{ef9e6cad-1cd1-445c-b010-b7d42429e993}]]></GPODomainGuid><GPODomainController><![CDATA[Compass-DC.COMPASSMSP.com]]></GPODomainController><BackupTime><![CDATA[2021-01-19T20:53:23]]></BackupTime><ID><![CDATA[{20B5B431-4803-469D-921C-79C58BD772F7}]]></ID><Comment><![CDATA[]]></Comment><GPODisplayName><![CDATA[Audit Policy - Domain Controller AWN]]></GPODisplayName></BackupInst></Backups>