Machine Name,Policy Target,Subcategory,Subcategory GUID,Inclusion Setting,Exclusion Setting,Setting Value
,System,Audit Credential Validation,{0cce923f-69ae-11d9-bed3-505054503030},Failure,,2
,System,Audit Kerberos Authentication Service,{0cce9242-69ae-11d9-bed3-505054503030},Failure,,2
,System,Audit Kerberos Service Ticket Operations,{0cce9240-69ae-11d9-bed3-505054503030},Failure,,2
,System,Audit Other Account Logon Events,{0cce9241-69ae-11d9-bed3-505054503030},Failure,,2
,System,Audit Application Group Management,{0cce9239-69ae-11d9-bed3-505054503030},Success,,1
,System,Audit Computer Account Management,{0cce9236-69ae-11d9-bed3-505054503030},Success and Failure,,3
,System,Audit Distribution Group Management,{0cce9238-69ae-11d9-bed3-505054503030},Success,,1
,System,Audit Other Account Management Events,{0cce923a-69ae-11d9-bed3-505054503030},Success,,1
,System,Audit Security Group Management,{0cce9237-69ae-11d9-bed3-505054503030},Success,,1
,System,Audit User Account Management,{0cce9235-69ae-11d9-bed3-505054503030},Success,,1
,System,Audit Directory Service Access,{0cce923b-69ae-11d9-bed3-505054503030},Success and Failure,,3
,System,Audit Directory Service Changes,{0cce923c-69ae-11d9-bed3-505054503030},Success and Failure,,3
,System,Audit Account Lockout,{0cce9217-69ae-11d9-bed3-505054503030},Success and Failure,,3
,System,Audit User / Device Claims,{0cce9247-69ae-11d9-bed3-505054503030},Success and Failure,,3
,System,Audit IPsec Extended Mode,{0cce921a-69ae-11d9-bed3-505054503030},Failure,,2
,System,Audit IPsec Main Mode,{0cce9218-69ae-11d9-bed3-505054503030},Failure,,2
,System,Audit IPsec Quick Mode,{0cce9219-69ae-11d9-bed3-505054503030},Failure,,2
,System,Audit Logoff,{0cce9216-69ae-11d9-bed3-505054503030},Success and Failure,,3
,System,Audit Logon,{0cce9215-69ae-11d9-bed3-505054503030},Success and Failure,,3
,System,Audit Network Policy Server,{0cce9243-69ae-11d9-bed3-505054503030},Success and Failure,,3
,System,Audit Other Logon/Logoff Events,{0cce921c-69ae-11d9-bed3-505054503030},Success and Failure,,3
,System,Audit Special Logon,{0cce921b-69ae-11d9-bed3-505054503030},Success and Failure,,3
