<BackupInst xmlns="http://www.microsoft.com/GroupPolicy/GPOOperations/Manifest"><GPOGuid><![CDATA[{1FF81099-442A-4878-AE63-018D443D4237}]]></GPOGuid><GPODomain><![CDATA[HamiltonMiller.com]]></GPODomain><GPODomainGuid><![CDATA[{620f73a3-1f40-467a-9b1b-a4f8cef68cc0}]]></GPODomainGuid><GPODomainController><![CDATA[HMB-DC02.HamiltonMiller.com]]></GPODomainController><BackupTime><![CDATA[2023-10-03T10:21:48]]></BackupTime><ID><![CDATA[{11BF92A6-B746-49F5-9556-F24545FD40EF}]]></ID><Comment><![CDATA[]]></Comment><GPODisplayName><![CDATA[Outlook - 3 mo Cache Mode]]></GPODisplayName></BackupInst>
