<BackupInst xmlns="http://www.microsoft.com/GroupPolicy/GPOOperations/Manifest"><GPOGuid><![CDATA[{F01BA04E-6091-4E15-916A-F4FF9FFC9D81}]]></GPOGuid><GPODomain><![CDATA[domain.com]]></GPODomain><GPODomainGuid><![CDATA[{bc5325db-740b-49cd-8c45-a2e984f337a1}]]></GPODomainGuid><GPODomainController><![CDATA[server.domain.com]]></GPODomainController><BackupTime><![CDATA[2021-01-21T15:35:31]]></BackupTime><ID><![CDATA[{387CF022-D677-4AB8-82A1-6CE21154446B}]]></ID><Comment><![CDATA[]]></Comment><GPODisplayName><![CDATA[Firewall WDS]]></GPODisplayName></BackupInst>
