<Backups xmlns="http://www.microsoft.com/GroupPolicy/GPOOperations/Manifest" xmlns:mfst="http://www.microsoft.com/GroupPolicy/GPOOperations/Manifest" mfst:version="1.0"><BackupInst><GPOGuid><![CDATA[{BC913D0A-E2F0-40C7-B1AB-FFBDB7D63CEB}]]></GPOGuid><GPODomain><![CDATA[vmearth.com]]></GPODomain><GPODomainGuid><![CDATA[{bc5325db-740b-49cd-8c45-a2e984f337a1}]]></GPODomainGuid><GPODomainController><![CDATA[vmEarth-DC.vmearth.com]]></GPODomainController><BackupTime><![CDATA[2020-09-14T14:08:27]]></BackupTime><ID><![CDATA[{FB216CE6-D9F8-48CF-AADC-477E82E3434E}]]></ID><Comment><![CDATA[]]></Comment><GPODisplayName><![CDATA[15 Minute Auto Lock]]></GPODisplayName></BackupInst></Backups>