<BackupInst xmlns="http://www.microsoft.com/GroupPolicy/GPOOperations/Manifest"><GPOGuid><![CDATA[{53C2CF09-F5C3-4B95-BFCB-1AEFA5488971}]]></GPOGuid><GPODomain><![CDATA[domain.com]]></GPODomain><GPODomainGuid><![CDATA[{ef9e6cad-1cd1-445c-b010-b7d42429e993}]]></GPODomainGuid><GPODomainController><![CDATA[server.domain.com]]></GPODomainController><BackupTime><![CDATA[2021-06-08T18:07:54]]></BackupTime><ID><![CDATA[{ECD3D5AB-5BEF-4C09-9B81-76B2460A0CCD}]]></ID><Comment><![CDATA[]]></Comment><GPODisplayName><![CDATA[FSLogix Profiles 2019]]></GPODisplayName></BackupInst>
