<BackupInst xmlns="http://www.microsoft.com/GroupPolicy/GPOOperations/Manifest"><GPOGuid><![CDATA[{786EAB10-9FD3-4F65-B4A4-F22695F14B8A}]]></GPOGuid><GPODomain><![CDATA[HamiltonMiller.com]]></GPODomain><GPODomainGuid><![CDATA[{620f73a3-1f40-467a-9b1b-a4f8cef68cc0}]]></GPODomainGuid><GPODomainController><![CDATA[HMB-DC02.HamiltonMiller.com]]></GPODomainController><BackupTime><![CDATA[2023-10-03T10:19:40]]></BackupTime><ID><![CDATA[{95A85E90-7056-40C8-BCE5-244C188E5DDB}]]></ID><Comment><![CDATA[Adobe Defaults]]></Comment><GPODisplayName><![CDATA[AVD-Adobe GPO]]></GPODisplayName></BackupInst>
