<BackupInst xmlns="http://www.microsoft.com/GroupPolicy/GPOOperations/Manifest"><GPOGuid><![CDATA[{119EB85C-8888-4D98-855A-F95F3C4272BA}]]></GPOGuid><GPODomain><![CDATA[COMPASSMSP.com]]></GPODomain><GPODomainGuid><![CDATA[{ef9e6cad-1cd1-445c-b010-b7d42429e993}]]></GPODomainGuid><GPODomainController><![CDATA[C-M1-DC3.COMPASSMSP.com]]></GPODomainController><BackupTime><![CDATA[2020-06-30T18:53:30]]></BackupTime><ID><![CDATA[{A8B00904-B361-48F0-865D-B6411D554462}]]></ID><Comment><![CDATA[]]></Comment><GPODisplayName><![CDATA[Office 2016 User Settings]]></GPODisplayName></BackupInst>
