<BackupInst xmlns="http://www.microsoft.com/GroupPolicy/GPOOperations/Manifest"><GPOGuid><![CDATA[{8B30A71A-2F04-4F6D-B92B-BBDC5BA9B08C}]]></GPOGuid><GPODomain><![CDATA[domain.com]]></GPODomain><GPODomainGuid><![CDATA[{ef9e6cad-1cd1-445c-b010-b7d42429e993}]]></GPODomainGuid><GPODomainController><![CDATA[comp.domain.com]]></GPODomainController><BackupTime><![CDATA[2021-06-30T18:03:58]]></BackupTime><ID><![CDATA[{A01C99BC-C0BD-4989-85C4-92C411B0421A}]]></ID><Comment><![CDATA[]]></Comment><GPODisplayName><![CDATA[Audit Policy]]></GPODisplayName></BackupInst>
