<BackupInst xmlns="http://www.microsoft.com/GroupPolicy/GPOOperations/Manifest"><GPOGuid><![CDATA[{7DB32C32-4C11-4F64-B1B5-DD0A4AC6B28A}]]></GPOGuid><GPODomain><![CDATA[COMPASSMSP.com]]></GPODomain><GPODomainGuid><![CDATA[{ef9e6cad-1cd1-445c-b010-b7d42429e993}]]></GPODomainGuid><GPODomainController><![CDATA[C-M1-DC3.COMPASSMSP.com]]></GPODomainController><BackupTime><![CDATA[2020-06-30T18:55:49]]></BackupTime><ID><![CDATA[{70FAC3AA-24AF-4282-8280-F2806242B3C4}]]></ID><Comment><![CDATA[]]></Comment><GPODisplayName><![CDATA[Reset Start Menu Cache]]></GPODisplayName></BackupInst>
