<Backups xmlns="http://www.microsoft.com/GroupPolicy/GPOOperations/Manifest" xmlns:mfst="http://www.microsoft.com/GroupPolicy/GPOOperations/Manifest" mfst:version="1.0"><BackupInst><GPOGuid><![CDATA[{FCF11B11-92CB-412F-B791-93205547733D}]]></GPOGuid><GPODomain><![CDATA[COMPASSMSP.com]]></GPODomain><GPODomainGuid><![CDATA[{ef9e6cad-1cd1-445c-b010-b7d42429e993}]]></GPODomainGuid><GPODomainController><![CDATA[C-M1-DC3.COMPASSMSP.com]]></GPODomainController><BackupTime><![CDATA[2020-06-30T18:51:12]]></BackupTime><ID><![CDATA[{AFA22BE3-4724-4364-BA9F-69EB0F460F03}]]></ID><Comment><![CDATA[]]></Comment><GPODisplayName><![CDATA[Detailed Login Messages]]></GPODisplayName></BackupInst></Backups>