<BackupInst xmlns="http://www.microsoft.com/GroupPolicy/GPOOperations/Manifest"><GPOGuid><![CDATA[{C7F5DFFD-FAAB-4E7C-BFF2-5B98100B8F9F}]]></GPOGuid><GPODomain><![CDATA[domain.com]]></GPODomain><GPODomainGuid><![CDATA[{ed70218f-b361-47cd-9592-0d34524f3fdd}]]></GPODomainGuid><GPODomainController><![CDATA[server.domain.com]]></GPODomainController><BackupTime><![CDATA[2020-09-02T18:50:17]]></BackupTime><ID><![CDATA[{181495DA-E3F5-4167-B82E-2E6164D7678C}]]></ID><Comment><![CDATA[]]></Comment><GPODisplayName><![CDATA[Built-in Local Accounts Restrictions]]></GPODisplayName></BackupInst>
