<BackupInst xmlns="http://www.microsoft.com/GroupPolicy/GPOOperations/Manifest"><GPOGuid><![CDATA[{A4D2D94E-04DF-4A85-8B77-C868E53BD1E7}]]></GPOGuid><GPODomain><![CDATA[HamiltonMiller.com]]></GPODomain><GPODomainGuid><![CDATA[{620f73a3-1f40-467a-9b1b-a4f8cef68cc0}]]></GPODomainGuid><GPODomainController><![CDATA[HMB-DC02.HamiltonMiller.com]]></GPODomainController><BackupTime><![CDATA[2023-10-03T10:21:01]]></BackupTime><ID><![CDATA[{BE41556E-B125-4527-90CD-0C6FF74B6FDE}]]></ID><Comment><![CDATA[]]></Comment><GPODisplayName><![CDATA[AVD-File Associations]]></GPODisplayName></BackupInst>
