<BackupInst xmlns="http://www.microsoft.com/GroupPolicy/GPOOperations/Manifest"><GPOGuid><![CDATA[{BDD70E67-F9B5-4F6B-B510-3F54CA5B695C}]]></GPOGuid><GPODomain><![CDATA[domain.com]]></GPODomain><GPODomainGuid><![CDATA[{ef9e6cad-1cd1-445c-b010-b7d42429e993}]]></GPODomainGuid><GPODomainController><![CDATA[server.domain.com]]></GPODomainController><BackupTime><![CDATA[2021-04-14T13:12:25]]></BackupTime><ID><![CDATA[{96312F49-FC51-47BC-949D-AAA507045BF1}]]></ID><Comment><![CDATA[]]></Comment><GPODisplayName><![CDATA[Built-in Local Accounts Disable]]></GPODisplayName></BackupInst>
