<BackupInst xmlns="http://www.microsoft.com/GroupPolicy/GPOOperations/Manifest"><GPOGuid><![CDATA[{DCC31FB1-CEDE-4592-8285-E1D574BE37D4}]]></GPOGuid><GPODomain><![CDATA[COMPASSMSP.com]]></GPODomain><GPODomainGuid><![CDATA[{ef9e6cad-1cd1-445c-b010-b7d42429e993}]]></GPODomainGuid><GPODomainController><![CDATA[C-M1-DC3.COMPASSMSP.com]]></GPODomainController><BackupTime><![CDATA[2020-06-30T18:50:27]]></BackupTime><ID><![CDATA[{55F2C7E7-0DB7-48EE-91C7-029C530106B0}]]></ID><Comment><![CDATA[]]></Comment><GPODisplayName><![CDATA[BitLocker Configuration]]></GPODisplayName></BackupInst>
