<?xml version="1.0" encoding="utf-8"?>
<RegistrySettings clsid="{A3CCFC41-DFDB-43a5-8D26-0FE8B954DA51}"><Registry clsid="{9CD4B2F4-923D-47f5-A062-E897DD1DAD50}" name="CleanupInvalidSessions" status="CleanupInvalidSessions" image="12" changed="2022-07-04 10:44:54" uid="{E24B2C2E-76F1-482A-8CC3-C4DD5386E851}"><Properties action="U" displayDecimal="1" default="0" hive="HKEY_LOCAL_MACHINE" key="Software\FSLogix\apps" name="CleanupInvalidSessions" type="REG_DWORD" value="00000001"/></Registry>
	<Registry clsid="{9CD4B2F4-923D-47f5-A062-E897DD1DAD50}" name="DeleteUserAppContainersOnLogoff" status="DeleteUserAppContainersOnLogoff" image="10" changed="2022-07-04 10:45:29" uid="{045D1473-7628-401C-9C88-BA1B7DE6A931}"><Properties action="C" displayDecimal="1" default="0" hive="HKEY_LOCAL_MACHINE" key="SYSTEM\CurrentControlSet\Services\SharedAccess\Parameters\FirewallPolicy" name="DeleteUserAppContainersOnLogoff" type="REG_DWORD" value="00000001"/></Registry>
	<Registry clsid="{9CD4B2F4-923D-47f5-A062-E897DD1DAD50}" name="ThresholdUsedPercentage" status="ThresholdUsedPercentage" image="12" changed="2022-07-04 10:46:05" uid="{D8606A6F-7928-4A25-A94E-6D55D3528CCE}"><Properties action="U" displayDecimal="1" default="0" hive="HKEY_LOCAL_MACHINE" key="Software\FSLogix\frxtray" name="ThresholdUsedPercentage" type="REG_DWORD" value="00000097"/></Registry>
	<Registry clsid="{9CD4B2F4-923D-47f5-A062-E897DD1DAD50}" name="WarnReadOnlyProfiles" status="WarnReadOnlyProfiles" image="12" changed="2022-07-04 10:46:38" uid="{E0460159-54D3-4551-88C0-6E404F4342FA}"><Properties action="U" displayDecimal="1" default="0" hive="HKEY_LOCAL_MACHINE" key="Software\FSLogix\frxtray" name="WarnReadOnlyProfiles" type="REG_DWORD" value="00000001"/></Registry>
</RegistrySettings>
