<?xml version="1.0" encoding="utf-8"?><!-- Copyright (c) Microsoft Corporation.  All rights reserved. --><GroupPolicyBackupScheme bkp:version="2.0" bkp:type="GroupPolicyBackupTemplate" xmlns:bkp="http://www.microsoft.com/GroupPolicy/GPOOperations" xmlns="http://www.microsoft.com/GroupPolicy/GPOOperations">
    <GroupPolicyObject><SecurityGroups><Group bkp:Source="FromDACL"><Sid><![CDATA[S-1-5-21-2681715302-1894917301-1198720193-512]]></Sid><SamAccountName><![CDATA[Domain Admins]]></SamAccountName><Type><![CDATA[GlobalGroup]]></Type><NetBIOSDomainName><![CDATA[HAMILTONMILLER]]></NetBIOSDomainName><DnsDomainName><![CDATA[HamiltonMiller.com]]></DnsDomainName><UPN><![CDATA[Domain Admins@HamiltonMiller.com]]></UPN></Group><Group bkp:Source="FromDACL"><Sid><![CDATA[S-1-5-21-2681715302-1894917301-1198720193-519]]></Sid><SamAccountName><![CDATA[Enterprise Admins]]></SamAccountName><Type><![CDATA[UniversalGroup]]></Type><NetBIOSDomainName><![CDATA[HAMILTONMILLER]]></NetBIOSDomainName><DnsDomainName><![CDATA[HamiltonMiller.com]]></DnsDomainName><UPN><![CDATA[Enterprise Admins@HamiltonMiller.com]]></UPN></Group></SecurityGroups><FilePaths/><GroupPolicyCoreSettings><ID><![CDATA[{A4D2D94E-04DF-4A85-8B77-C868E53BD1E7}]]></ID><Domain><![CDATA[HamiltonMiller.com]]></Domain><SecurityDescriptor>01 00 04 9c 00 00 00 00 00 00 00 00 00 00 00 00 14 00 00 00 04 00 ec 00 08 00 00 00 05 02 28 00 00 01 00 00 01 00 00 00 8f fd ac ed b3 ff d1 11 b4 1d 00 a0 c9 68 f9 39 01 01 00 00 00 00 00 05 0b 00 00 00 00 00 24 00 ff 00 0f 00 01 05 00 00 00 00 00 05 15 00 00 00 66 ba d7 9f b5 24 f2 70 c1 04 73 47 00 02 00 00 00 02 24 00 ff 00 0f 00 01 05 00 00 00 00 00 05 15 00 00 00 66 ba d7 9f b5 24 f2 70 c1 04 73 47 00 02 00 00 00 02 24 00 ff 00 0f 00 01 05 00 00 00 00 00 05 15 00 00 00 66 ba d7 9f b5 24 f2 70 c1 04 73 47 07 02 00 00 00 02 14 00 94 00 02 00 01 01 00 00 00 00 00 05 09 00 00 00 00 02 14 00 94 00 02 00 01 01 00 00 00 00 00 05 0b 00 00 00 00 02 14 00 ff 00 0f 00 01 01 00 00 00 00 00 05 12 00 00 00 00 0a 14 00 ff 00 0f 00 01 01 00 00 00 00 00 03 00 00 00 00</SecurityDescriptor><DisplayName><![CDATA[AVD-File Associations]]></DisplayName><Options><![CDATA[0]]></Options><UserVersionNumber><![CDATA[0]]></UserVersionNumber><MachineVersionNumber><![CDATA[1572888]]></MachineVersionNumber><MachineExtensionGuids><![CDATA[[{00000000-0000-0000-0000-000000000000}{BEE07A6A-EC9F-4659-B8C9-0B1937907C83}][{35378EAC-683F-11D2-A89A-00C04FBBCFA2}{D02B1F72-3407-48AE-BA88-E8213C6761F1}][{B087BE9D-ED37-454F-AF9C-04291E351182}{BEE07A6A-EC9F-4659-B8C9-0B1937907C83}]]]></MachineExtensionGuids><UserExtensionGuids/><WMIFilter/></GroupPolicyCoreSettings> 
        <GroupPolicyExtension bkp:ID="{35378EAC-683F-11D2-A89A-00C04FBBCFA2}" bkp:DescName="Registry">
            <FSObjectFile bkp:Path="%GPO_MACH_FSPATH%\registry.pol" bkp:SourceExpandedPath="\\HMB-DC02.HamiltonMiller.com\sysvol\HamiltonMiller.com\Policies\{A4D2D94E-04DF-4A85-8B77-C868E53BD1E7}\Machine\registry.pol" bkp:Location="DomainSysvol\GPO\Machine\registry.pol"/>
            
            <FSObjectFile bkp:Path="%GPO_FSPATH%\Adm\*.*" bkp:SourceExpandedPath="\\HMB-DC02.HamiltonMiller.com\sysvol\HamiltonMiller.com\Policies\{A4D2D94E-04DF-4A85-8B77-C868E53BD1E7}\Adm\*.*"/>
        </GroupPolicyExtension>
        
        
        
        
        
        
        
        
        
    <GroupPolicyExtension bkp:ID="{F15C46CD-82A0-4C2D-A210-5D0D3182A418}" bkp:DescName="Unknown Extension"><FSObjectDir bkp:Path="%GPO_MACH_FSPATH%\Applications" bkp:SourceExpandedPath="\\HMB-DC02.HamiltonMiller.com\sysvol\HamiltonMiller.com\Policies\{A4D2D94E-04DF-4A85-8B77-C868E53BD1E7}\Machine\Applications" bkp:Location="DomainSysvol\GPO\Machine\Applications"/><FSObjectFile bkp:Path="%GPO_MACH_FSPATH%\comment.cmtx" bkp:SourceExpandedPath="\\HMB-DC02.HamiltonMiller.com\sysvol\HamiltonMiller.com\Policies\{A4D2D94E-04DF-4A85-8B77-C868E53BD1E7}\Machine\comment.cmtx" bkp:Location="DomainSysvol\GPO\Machine\comment.cmtx"/><FSObjectDir bkp:Path="%GPO_MACH_FSPATH%\Preferences" bkp:SourceExpandedPath="\\HMB-DC02.HamiltonMiller.com\sysvol\HamiltonMiller.com\Policies\{A4D2D94E-04DF-4A85-8B77-C868E53BD1E7}\Machine\Preferences" bkp:Location="DomainSysvol\GPO\Machine\Preferences"/><FSObjectDir bkp:Path="%GPO_MACH_FSPATH%\Preferences\Registry" bkp:SourceExpandedPath="\\HMB-DC02.HamiltonMiller.com\sysvol\HamiltonMiller.com\Policies\{A4D2D94E-04DF-4A85-8B77-C868E53BD1E7}\Machine\Preferences\Registry" bkp:Location="DomainSysvol\GPO\Machine\Preferences\Registry"/><FSObjectFile bkp:Path="%GPO_MACH_FSPATH%\Preferences\Registry\Registry.xml" bkp:SourceExpandedPath="\\HMB-DC02.HamiltonMiller.com\sysvol\HamiltonMiller.com\Policies\{A4D2D94E-04DF-4A85-8B77-C868E53BD1E7}\Machine\Preferences\Registry\Registry.xml" bkp:Location="DomainSysvol\GPO\Machine\Preferences\Registry\Registry.xml"/><FSObjectDir bkp:Path="%GPO_MACH_FSPATH%\Scripts" bkp:SourceExpandedPath="\\HMB-DC02.HamiltonMiller.com\sysvol\HamiltonMiller.com\Policies\{A4D2D94E-04DF-4A85-8B77-C868E53BD1E7}\Machine\Scripts" bkp:Location="DomainSysvol\GPO\Machine\Scripts"/><FSObjectDir bkp:Path="%GPO_MACH_FSPATH%\Scripts\Shutdown" bkp:SourceExpandedPath="\\HMB-DC02.HamiltonMiller.com\sysvol\HamiltonMiller.com\Policies\{A4D2D94E-04DF-4A85-8B77-C868E53BD1E7}\Machine\Scripts\Shutdown" bkp:Location="DomainSysvol\GPO\Machine\Scripts\Shutdown"/><FSObjectDir bkp:Path="%GPO_MACH_FSPATH%\Scripts\Startup" bkp:SourceExpandedPath="\\HMB-DC02.HamiltonMiller.com\sysvol\HamiltonMiller.com\Policies\{A4D2D94E-04DF-4A85-8B77-C868E53BD1E7}\Machine\Scripts\Startup" bkp:Location="DomainSysvol\GPO\Machine\Scripts\Startup"/></GroupPolicyExtension></GroupPolicyObject>
</GroupPolicyBackupScheme>