<Backups xmlns="http://www.microsoft.com/GroupPolicy/GPOOperations/Manifest" xmlns:mfst="http://www.microsoft.com/GroupPolicy/GPOOperations/Manifest" mfst:version="1.0"><BackupInst><GPOGuid><![CDATA[{386AD562-D208-4410-A99C-B4BE1A3B27DA}]]></GPOGuid><GPODomain><![CDATA[domain.com]]></GPODomain><GPODomainGuid><![CDATA[{ef9e6cad-1cd1-445c-b010-b7d42429e993}]]></GPODomainGuid><GPODomainController><![CDATA[server.domain.com]]></GPODomainController><BackupTime><![CDATA[2020-11-05T21:15:22]]></BackupTime><ID><![CDATA[{11E7B21C-BE79-4B0A-BF3D-8D008BFC62C0}]]></ID><Comment><![CDATA[]]></Comment><GPODisplayName><![CDATA[AppLocker RDS AUDIT ONLY]]></GPODisplayName></BackupInst></Backups>