<BackupInst xmlns="http://www.microsoft.com/GroupPolicy/GPOOperations/Manifest"><GPOGuid><![CDATA[{E56AFF46-F233-4F8E-803A-B277A4481FE0}]]></GPOGuid><GPODomain><![CDATA[vmearth.com]]></GPODomain><GPODomainGuid><![CDATA[{bc5325db-740b-49cd-8c45-a2e984f337a1}]]></GPODomainGuid><GPODomainController><![CDATA[vmEarth-DC.vmearth.com]]></GPODomainController><BackupTime><![CDATA[2020-08-18T17:21:08]]></BackupTime><ID><![CDATA[{7B08BCFD-9769-4018-96B0-58B7EE7D5F90}]]></ID><Comment><![CDATA[]]></Comment><GPODisplayName><![CDATA[Shutdown Button Disable]]></GPODisplayName></BackupInst>
