<?xml version="1.0" encoding="utf-8"?><!-- Copyright (c) Microsoft Corporation.  All rights reserved. --><GroupPolicyBackupScheme bkp:version="2.0" bkp:type="GroupPolicyBackupTemplate" xmlns:bkp="http://www.microsoft.com/GroupPolicy/GPOOperations" xmlns="http://www.microsoft.com/GroupPolicy/GPOOperations">
    <GroupPolicyObject><SecurityGroups><Group bkp:Source="FromDACL"><Sid><![CDATA[S-1-5-21-2681715302-1894917301-1198720193-512]]></Sid><SamAccountName><![CDATA[Domain Admins]]></SamAccountName><Type><![CDATA[GlobalGroup]]></Type><NetBIOSDomainName><![CDATA[HAMILTONMILLER]]></NetBIOSDomainName><DnsDomainName><![CDATA[HamiltonMiller.com]]></DnsDomainName><UPN><![CDATA[Domain Admins@HamiltonMiller.com]]></UPN></Group><Group bkp:Source="FromDACL"><Sid><![CDATA[S-1-5-21-2681715302-1894917301-1198720193-519]]></Sid><SamAccountName><![CDATA[Enterprise Admins]]></SamAccountName><Type><![CDATA[UniversalGroup]]></Type><NetBIOSDomainName><![CDATA[HAMILTONMILLER]]></NetBIOSDomainName><DnsDomainName><![CDATA[HamiltonMiller.com]]></DnsDomainName><UPN><![CDATA[Enterprise Admins@HamiltonMiller.com]]></UPN></Group></SecurityGroups><FilePaths><Path><![CDATA[\\hmbazprofilesblob.file.core.windows.net\redirectedfolders\redirectedfolders\%USERNAME%\Searches]]></Path><Path><![CDATA[\\hmbazprofilesblob.file.core.windows.net\redirectedfolders\redirectedfolders\%USERNAME%\Saved Games]]></Path><Path><![CDATA[\\hmbazprofilesblob.file.core.windows.net\redirectedfolders\redirectedfolders\%USERNAME%\Links]]></Path><Path><![CDATA[\\hmbazprofilesblob.file.core.windows.net\redirectedfolders\redirectedfolders\%USERNAME%\Downloads]]></Path><Path><![CDATA[\\hmbazprofilesblob.file.core.windows.net\redirectedfolders\redirectedfolders\%USERNAME%\Music]]></Path><Path><![CDATA[\\hmbazprofilesblob.file.core.windows.net\redirectedfolders\redirectedfolders\%USERNAME%\Favorites]]></Path><Path><![CDATA[\\hmbazprofilesblob.file.core.windows.net\redirectedfolders\redirectedfolders\%USERNAME%\Videos]]></Path><Path><![CDATA[\\hmbazprofilesblob.file.core.windows.net\redirectedfolders\redirectedfolders\%USERNAME%\Contacts]]></Path></FilePaths><GroupPolicyCoreSettings><ID><![CDATA[{4EAB957D-6731-46F0-81E4-6BB54CEC5F4A}]]></ID><Domain><![CDATA[HamiltonMiller.com]]></Domain><SecurityDescriptor>01 00 04 9c 00 00 00 00 00 00 00 00 00 00 00 00 14 00 00 00 04 00 ec 00 08 00 00 00 05 02 28 00 00 01 00 00 01 00 00 00 8f fd ac ed b3 ff d1 11 b4 1d 00 a0 c9 68 f9 39 01 01 00 00 00 00 00 05 0b 00 00 00 00 00 24 00 ff 00 0f 00 01 05 00 00 00 00 00 05 15 00 00 00 66 ba d7 9f b5 24 f2 70 c1 04 73 47 00 02 00 00 00 02 24 00 ff 00 0f 00 01 05 00 00 00 00 00 05 15 00 00 00 66 ba d7 9f b5 24 f2 70 c1 04 73 47 00 02 00 00 00 02 24 00 ff 00 0f 00 01 05 00 00 00 00 00 05 15 00 00 00 66 ba d7 9f b5 24 f2 70 c1 04 73 47 07 02 00 00 00 02 14 00 94 00 02 00 01 01 00 00 00 00 00 05 09 00 00 00 00 02 14 00 94 00 02 00 01 01 00 00 00 00 00 05 0b 00 00 00 00 02 14 00 ff 00 0f 00 01 01 00 00 00 00 00 05 12 00 00 00 00 0a 14 00 ff 00 0f 00 01 01 00 00 00 00 00 03 00 00 00 00</SecurityDescriptor><DisplayName><![CDATA[AVD-FolderRedirection v3.0]]></DisplayName><Options><![CDATA[0]]></Options><UserVersionNumber><![CDATA[3276850]]></UserVersionNumber><MachineVersionNumber><![CDATA[65537]]></MachineVersionNumber><MachineExtensionGuids><![CDATA[[{35378EAC-683F-11D2-A89A-00C04FBBCFA2}{D02B1F72-3407-48AE-BA88-E8213C6761F1}]]]></MachineExtensionGuids><UserExtensionGuids><![CDATA[[{25537BA6-77A8-11D2-9B6C-0000F8080861}{88E729D6-BDC1-11D1-BD2A-00C04FB9603F}][{35378EAC-683F-11D2-A89A-00C04FBBCFA2}{D02B1F73-3407-48AE-BA88-E8213C6761F1}][{4CFB60C1-FAA6-47F1-89AA-0B18730C9FD3}{D02B1F73-3407-48AE-BA88-E8213C6761F1}]]]></UserExtensionGuids><WMIFilter/></GroupPolicyCoreSettings> 
        <GroupPolicyExtension bkp:ID="{35378EAC-683F-11D2-A89A-00C04FBBCFA2}" bkp:DescName="Registry">
            <FSObjectFile bkp:Path="%GPO_MACH_FSPATH%\registry.pol" bkp:SourceExpandedPath="\\HMB-DC02.HamiltonMiller.com\sysvol\HamiltonMiller.com\Policies\{4EAB957D-6731-46F0-81E4-6BB54CEC5F4A}\Machine\registry.pol" bkp:Location="DomainSysvol\GPO\Machine\registry.pol"/>
            <FSObjectFile bkp:Path="%GPO_USER_FSPATH%\registry.pol" bkp:SourceExpandedPath="\\HMB-DC02.HamiltonMiller.com\sysvol\HamiltonMiller.com\Policies\{4EAB957D-6731-46F0-81E4-6BB54CEC5F4A}\User\registry.pol" bkp:Location="DomainSysvol\GPO\User\registry.pol"/>
            <FSObjectFile bkp:Path="%GPO_FSPATH%\Adm\*.*" bkp:SourceExpandedPath="\\HMB-DC02.HamiltonMiller.com\sysvol\HamiltonMiller.com\Policies\{4EAB957D-6731-46F0-81E4-6BB54CEC5F4A}\Adm\*.*"/>
        </GroupPolicyExtension>
        
        <GroupPolicyExtension bkp:ID="{25537BA6-77A8-11D2-9B6C-0000F8080861}" bkp:DescName="Folder Redirection">
            <FSObjectFile bkp:Path="%GPO_USER_FSPATH%\Documents &amp; Settings\*" bkp:SourceExpandedPath="\\HMB-DC02.HamiltonMiller.com\sysvol\HamiltonMiller.com\Policies\{4EAB957D-6731-46F0-81E4-6BB54CEC5F4A}\User\Documents &amp; Settings\*" bkp:ReEvaluateFunction="FRValidateSettings"><FSObjectFile bkp:Path="%GPO_USER_FSPATH%\Documents &amp; Settings\fdeploy1.ini" bkp:SourceExpandedPath="\\HMB-DC02.HamiltonMiller.com\sysvol\HamiltonMiller.com\Policies\{4EAB957D-6731-46F0-81E4-6BB54CEC5F4A}\User\Documents &amp; Settings\fdeploy1.ini" bkp:Location="DomainSysvol\GPO\User\Documents &amp; Settings\fdeploy1.ini"/><FSObjectFile bkp:Path="%GPO_USER_FSPATH%\Documents &amp; Settings\fdeploy.ini" bkp:SourceExpandedPath="\\HMB-DC02.HamiltonMiller.com\sysvol\HamiltonMiller.com\Policies\{4EAB957D-6731-46F0-81E4-6BB54CEC5F4A}\User\Documents &amp; Settings\fdeploy.ini" bkp:Location="DomainSysvol\GPO\User\Documents &amp; Settings\fdeploy.ini"/></FSObjectFile>
        </GroupPolicyExtension>
        
        
        
        
        
        
        
    <GroupPolicyExtension bkp:ID="{F15C46CD-82A0-4C2D-A210-5D0D3182A418}" bkp:DescName="Unknown Extension"><FSObjectFile bkp:Path="%GPO_MACH_FSPATH%\comment.cmtx" bkp:SourceExpandedPath="\\HMB-DC02.HamiltonMiller.com\sysvol\HamiltonMiller.com\Policies\{4EAB957D-6731-46F0-81E4-6BB54CEC5F4A}\Machine\comment.cmtx" bkp:Location="DomainSysvol\GPO\Machine\comment.cmtx"/><FSObjectFile bkp:Path="%GPO_USER_FSPATH%\comment.cmtx" bkp:SourceExpandedPath="\\HMB-DC02.HamiltonMiller.com\sysvol\HamiltonMiller.com\Policies\{4EAB957D-6731-46F0-81E4-6BB54CEC5F4A}\User\comment.cmtx" bkp:Location="DomainSysvol\GPO\User\comment.cmtx"/><FSObjectDir bkp:Path="%GPO_USER_FSPATH%\Documents &amp; Settings" bkp:SourceExpandedPath="\\HMB-DC02.HamiltonMiller.com\sysvol\HamiltonMiller.com\Policies\{4EAB957D-6731-46F0-81E4-6BB54CEC5F4A}\User\Documents &amp; Settings" bkp:Location="DomainSysvol\GPO\User\Documents &amp; Settings"/><FSObjectDir bkp:Path="%GPO_USER_FSPATH%\Scripts" bkp:SourceExpandedPath="\\HMB-DC02.HamiltonMiller.com\sysvol\HamiltonMiller.com\Policies\{4EAB957D-6731-46F0-81E4-6BB54CEC5F4A}\User\Scripts" bkp:Location="DomainSysvol\GPO\User\Scripts"/><FSObjectDir bkp:Path="%GPO_USER_FSPATH%\Scripts\Logoff" bkp:SourceExpandedPath="\\HMB-DC02.HamiltonMiller.com\sysvol\HamiltonMiller.com\Policies\{4EAB957D-6731-46F0-81E4-6BB54CEC5F4A}\User\Scripts\Logoff" bkp:Location="DomainSysvol\GPO\User\Scripts\Logoff"/><FSObjectDir bkp:Path="%GPO_USER_FSPATH%\Scripts\Logon" bkp:SourceExpandedPath="\\HMB-DC02.HamiltonMiller.com\sysvol\HamiltonMiller.com\Policies\{4EAB957D-6731-46F0-81E4-6BB54CEC5F4A}\User\Scripts\Logon" bkp:Location="DomainSysvol\GPO\User\Scripts\Logon"/></GroupPolicyExtension></GroupPolicyObject>
</GroupPolicyBackupScheme>