<BackupInst xmlns="http://www.microsoft.com/GroupPolicy/GPOOperations/Manifest"><GPOGuid><![CDATA[{4EAB957D-6731-46F0-81E4-6BB54CEC5F4A}]]></GPOGuid><GPODomain><![CDATA[HamiltonMiller.com]]></GPODomain><GPODomainGuid><![CDATA[{620f73a3-1f40-467a-9b1b-a4f8cef68cc0}]]></GPODomainGuid><GPODomainController><![CDATA[HMB-DC02.HamiltonMiller.com]]></GPODomainController><BackupTime><![CDATA[2023-10-03T10:21:01]]></BackupTime><ID><![CDATA[{869F6149-A08F-4493-8EA0-385ECB8D66BD}]]></ID><Comment><![CDATA[]]></Comment><GPODisplayName><![CDATA[AVD-FolderRedirection v3.0]]></GPODisplayName></BackupInst>
