<Backups xmlns="http://www.microsoft.com/GroupPolicy/GPOOperations/Manifest" xmlns:mfst="http://www.microsoft.com/GroupPolicy/GPOOperations/Manifest" mfst:version="1.0"><BackupInst><GPOGuid><![CDATA[{027CE574-EA73-47DF-8B82-FCB507ADBFEC}]]></GPOGuid><GPODomain><![CDATA[domain.com]]></GPODomain><GPODomainGuid><![CDATA[{ef9e6cad-1cd1-445c-b010-b7d42429e993}]]></GPODomainGuid><GPODomainController><![CDATA[server.domain.com]]></GPODomainController><BackupTime><![CDATA[2020-12-11T21:05:35]]></BackupTime><ID><![CDATA[{BB4F8B8E-116F-4F09-9EE7-951C2D95CE2F}]]></ID><Comment><![CDATA[]]></Comment><GPODisplayName><![CDATA[Scripting Extensions Disable]]></GPODisplayName></BackupInst></Backups>