<BackupInst xmlns="http://www.microsoft.com/GroupPolicy/GPOOperations/Manifest"><GPOGuid><![CDATA[{D71C597C-9DAC-4794-BD57-1BB9157D34F2}]]></GPOGuid><GPODomain><![CDATA[wdigitech.com]]></GPODomain><GPODomainGuid><![CDATA[{71123f8a-b1ea-40fd-9076-40623773fa74}]]></GPODomainGuid><GPODomainController><![CDATA[WD-DC04.wdigitech.com]]></GPODomainController><BackupTime><![CDATA[2020-08-11T13:01:55]]></BackupTime><ID><![CDATA[{7BD96447-6626-41CD-B8BC-DBDBD0121BE2}]]></ID><Comment><![CDATA[]]></Comment><GPODisplayName><![CDATA[Password Protection]]></GPODisplayName></BackupInst>
