<?xml version="1.0" encoding="utf-8"?><!-- Copyright (c) Microsoft Corporation.  All rights reserved. --><GroupPolicyBackupScheme bkp:version="2.0" bkp:type="GroupPolicyBackupTemplate" xmlns:bkp="http://www.microsoft.com/GroupPolicy/GPOOperations" xmlns="http://www.microsoft.com/GroupPolicy/GPOOperations">
    <GroupPolicyObject><SecurityGroups><Group><Sid/><SamAccountName><![CDATA[Local account]]></SamAccountName><Type><![CDATA[Unknown]]></Type><NetBIOSDomainName/><DnsDomainName/><UPN/></Group><Group><Sid/><SamAccountName><![CDATA[Local account and member of Administrators group]]></SamAccountName><Type><![CDATA[Unknown]]></Type><NetBIOSDomainName/><DnsDomainName/><UPN/></Group><Group><Sid/><SamAccountName><![CDATA[Administrator]]></SamAccountName><Type><![CDATA[Unknown]]></Type><NetBIOSDomainName/><DnsDomainName/><UPN/></Group><Group><Sid/><SamAccountName><![CDATA[Guest]]></SamAccountName><Type><![CDATA[Unknown]]></Type><NetBIOSDomainName/><DnsDomainName/><UPN/></Group><Group><Sid/><SamAccountName><![CDATA[Robert Bell]]></SamAccountName><Type><![CDATA[Unknown]]></Type><NetBIOSDomainName/><DnsDomainName/><UPN/></Group><Group bkp:Source="FromDACL"><Sid><![CDATA[S-1-5-21-3169090433-3326905456-2840619309-512]]></Sid><SamAccountName><![CDATA[Domain Admins]]></SamAccountName><Type><![CDATA[GlobalGroup]]></Type><NetBIOSDomainName><![CDATA[VMEARTH]]></NetBIOSDomainName><DnsDomainName><![CDATA[domain.com]]></DnsDomainName><UPN><![CDATA[Domain Admins@domain.com]]></UPN></Group><Group bkp:Source="FromDACL"><Sid><![CDATA[S-1-5-21-3169090433-3326905456-2840619309-519]]></Sid><SamAccountName><![CDATA[Enterprise Admins]]></SamAccountName><Type><![CDATA[UniversalGroup]]></Type><NetBIOSDomainName><![CDATA[VMEARTH]]></NetBIOSDomainName><DnsDomainName><![CDATA[domain.com]]></DnsDomainName><UPN><![CDATA[Enterprise Admins@domain.com]]></UPN></Group></SecurityGroups><FilePaths/><GroupPolicyCoreSettings><ID><![CDATA[{B972D46C-3D0A-434D-986D-F5515FE25306}]]></ID><Domain><![CDATA[domain.com]]></Domain><SecurityDescriptor>01 00 04 9c 00 00 00 00 00 00 00 00 00 00 00 00 14 00 00 00 04 00 ec 00 08 00 00 00 05 02 28 00 00 01 00 00 01 00 00 00 8f fd ac ed b3 ff d1 11 b4 1d 00 a0 c9 68 f9 39 01 01 00 00 00 00 00 05 0b 00 00 00 00 00 24 00 ff 00 0f 00 01 05 00 00 00 00 00 05 15 00 00 00 81 7b e4 bc 70 8c 4c c6 2d 69 50 a9 00 02 00 00 00 02 24 00 ff 00 0f 00 01 05 00 00 00 00 00 05 15 00 00 00 81 7b e4 bc 70 8c 4c c6 2d 69 50 a9 00 02 00 00 00 02 24 00 ff 00 0f 00 01 05 00 00 00 00 00 05 15 00 00 00 81 7b e4 bc 70 8c 4c c6 2d 69 50 a9 07 02 00 00 00 02 14 00 94 00 02 00 01 01 00 00 00 00 00 05 09 00 00 00 00 02 14 00 94 00 02 00 01 01 00 00 00 00 00 05 0b 00 00 00 00 02 14 00 ff 00 0f 00 01 01 00 00 00 00 00 05 12 00 00 00 00 0a 14 00 ff 00 0f 00 01 01 00 00 00 00 00 03 00 00 00 00</SecurityDescriptor><DisplayName><![CDATA[User Rights Assignment Deny TEMPLATE]]></DisplayName><Options><![CDATA[0]]></Options><UserVersionNumber><![CDATA[131074]]></UserVersionNumber><MachineVersionNumber><![CDATA[524296]]></MachineVersionNumber><MachineExtensionGuids><![CDATA[[{827D319E-6EAC-11D2-A4EA-00C04F79F83A}{803E14A0-B4FB-11D0-A0D0-00A0C90F574B}]]]></MachineExtensionGuids><UserExtensionGuids/><WMIFilter/></GroupPolicyCoreSettings> 
        <GroupPolicyExtension bkp:ID="{35378EAC-683F-11D2-A89A-00C04FBBCFA2}" bkp:DescName="Registry">
            
            
            <FSObjectFile bkp:Path="%GPO_FSPATH%\Adm\*.*" bkp:SourceExpandedPath="\\server.domain.com\sysvol\domain.com\Policies\{B972D46C-3D0A-434D-986D-F5515FE25306}\Adm\*.*"/>
        </GroupPolicyExtension>
        
        
        
        
        <GroupPolicyExtension bkp:ID="{827D319E-6EAC-11D2-A4EA-00C04F79F83A}" bkp:DescName="Security">
            <FSObjectFile bkp:Path="%GPO_MACH_FSPATH%\microsoft\windows nt\SecEdit\GptTmpl.inf" bkp:SourceExpandedPath="\\server.domain.com\sysvol\domain.com\Policies\{B972D46C-3D0A-434D-986D-F5515FE25306}\Machine\microsoft\windows nt\SecEdit\GptTmpl.inf" bkp:ReEvaluateFunction="SecurityValidateSettings" bkp:Location="DomainSysvol\GPO\Machine\microsoft\windows nt\SecEdit\GptTmpl.inf"/>
        </GroupPolicyExtension>
        
        
        
        
    <GroupPolicyExtension bkp:ID="{F15C46CD-82A0-4C2D-A210-5D0D3182A418}" bkp:DescName="Unknown Extension"><FSObjectDir bkp:Path="%GPO_MACH_FSPATH%\microsoft" bkp:SourceExpandedPath="\\server.domain.com\sysvol\domain.com\Policies\{B972D46C-3D0A-434D-986D-F5515FE25306}\Machine\microsoft" bkp:Location="DomainSysvol\GPO\Machine\microsoft"/><FSObjectDir bkp:Path="%GPO_MACH_FSPATH%\microsoft\windows nt" bkp:SourceExpandedPath="\\server.domain.com\sysvol\domain.com\Policies\{B972D46C-3D0A-434D-986D-F5515FE25306}\Machine\microsoft\windows nt" bkp:Location="DomainSysvol\GPO\Machine\microsoft\windows nt"/><FSObjectDir bkp:Path="%GPO_MACH_FSPATH%\microsoft\windows nt\SecEdit" bkp:SourceExpandedPath="\\server.domain.com\sysvol\domain.com\Policies\{B972D46C-3D0A-434D-986D-F5515FE25306}\Machine\microsoft\windows nt\SecEdit" bkp:Location="DomainSysvol\GPO\Machine\microsoft\windows nt\SecEdit"/><FSObjectDir bkp:Path="%GPO_MACH_FSPATH%\Scripts" bkp:SourceExpandedPath="\\server.domain.com\sysvol\domain.com\Policies\{B972D46C-3D0A-434D-986D-F5515FE25306}\Machine\Scripts" bkp:Location="DomainSysvol\GPO\Machine\Scripts"/><FSObjectDir bkp:Path="%GPO_MACH_FSPATH%\Scripts\Shutdown" bkp:SourceExpandedPath="\\server.domain.com\sysvol\domain.com\Policies\{B972D46C-3D0A-434D-986D-F5515FE25306}\Machine\Scripts\Shutdown" bkp:Location="DomainSysvol\GPO\Machine\Scripts\Shutdown"/><FSObjectDir bkp:Path="%GPO_MACH_FSPATH%\Scripts\Startup" bkp:SourceExpandedPath="\\server.domain.com\sysvol\domain.com\Policies\{B972D46C-3D0A-434D-986D-F5515FE25306}\Machine\Scripts\Startup" bkp:Location="DomainSysvol\GPO\Machine\Scripts\Startup"/></GroupPolicyExtension></GroupPolicyObject>
</GroupPolicyBackupScheme>