<BackupInst xmlns="http://www.microsoft.com/GroupPolicy/GPOOperations/Manifest"><GPOGuid><![CDATA[{2F0FB46B-7138-4712-8073-27ED20970EBA}]]></GPOGuid><GPODomain><![CDATA[HamiltonMiller.com]]></GPODomain><GPODomainGuid><![CDATA[{620f73a3-1f40-467a-9b1b-a4f8cef68cc0}]]></GPODomainGuid><GPODomainController><![CDATA[HMB-DC02.HamiltonMiller.com]]></GPODomainController><BackupTime><![CDATA[2023-10-03T10:21:01]]></BackupTime><ID><![CDATA[{5145B279-7827-465E-B056-C0FB7E6AA774}]]></ID><Comment><![CDATA[]]></Comment><GPODisplayName><![CDATA[AVD-InTune enrollment]]></GPODisplayName></BackupInst>
