<Backups xmlns="http://www.microsoft.com/GroupPolicy/GPOOperations/Manifest" xmlns:mfst="http://www.microsoft.com/GroupPolicy/GPOOperations/Manifest" mfst:version="1.0"><BackupInst><GPOGuid><![CDATA[{DEDB195F-17E3-4EE4-88CF-D50CCE715DB5}]]></GPOGuid><GPODomain><![CDATA[COMPASSMSP.com]]></GPODomain><GPODomainGuid><![CDATA[{ef9e6cad-1cd1-445c-b010-b7d42429e993}]]></GPODomainGuid><GPODomainController><![CDATA[C-M1-DC3.COMPASSMSP.com]]></GPODomainController><BackupTime><![CDATA[2020-06-30T18:52:07]]></BackupTime><ID><![CDATA[{9E08E264-84BA-4B7C-B322-7C01EB5CA976}]]></ID><Comment><![CDATA[]]></Comment><GPODisplayName><![CDATA[Loopback Policy]]></GPODisplayName></BackupInst></Backups>