<Backups xmlns="http://www.microsoft.com/GroupPolicy/GPOOperations/Manifest" xmlns:mfst="http://www.microsoft.com/GroupPolicy/GPOOperations/Manifest" mfst:version="1.0"><BackupInst><GPOGuid><![CDATA[{DEFE4C7C-B4E8-4C64-AC25-45A75B2A5E7C}]]></GPOGuid><GPODomain><![CDATA[domain.com]]></GPODomain><GPODomainGuid><![CDATA[{ed70218f-b361-47cd-9592-0d34524f3fdd}]]></GPODomainGuid><GPODomainController><![CDATA[server.domain.com]]></GPODomainController><BackupTime><![CDATA[2020-09-04T14:08:46]]></BackupTime><ID><![CDATA[{30984DEF-9C6B-4D6D-8DB8-35B9B95A30CF}]]></ID><Comment><![CDATA[]]></Comment><GPODisplayName><![CDATA[RDS Force NLA]]></GPODisplayName></BackupInst></Backups>