<Backups xmlns="http://www.microsoft.com/GroupPolicy/GPOOperations/Manifest" xmlns:mfst="http://www.microsoft.com/GroupPolicy/GPOOperations/Manifest" mfst:version="1.0"><BackupInst><GPOGuid><![CDATA[{199BE3DA-47C8-419A-8D21-7AF1123029CA}]]></GPOGuid><GPODomain><![CDATA[domain.com]]></GPODomain><GPODomainGuid><![CDATA[{ef9e6cad-1cd1-445c-b010-b7d42429e993}]]></GPODomainGuid><GPODomainController><![CDATA[server.domain.com]]></GPODomainController><BackupTime><![CDATA[2020-10-20T17:09:53]]></BackupTime><ID><![CDATA[{0D9C89DB-7938-4878-B394-89028CFFE0F0}]]></ID><Comment><![CDATA[]]></Comment><GPODisplayName><![CDATA[LDAP Signing Logging]]></GPODisplayName></BackupInst></Backups>