<BackupInst xmlns="http://www.microsoft.com/GroupPolicy/GPOOperations/Manifest"><GPOGuid><![CDATA[{F2A64617-F061-4B40-8436-EF6977EB0CB2}]]></GPOGuid><GPODomain><![CDATA[domain.com]]></GPODomain><GPODomainGuid><![CDATA[{ef9e6cad-1cd1-445c-b010-b7d42429e993}]]></GPODomainGuid><GPODomainController><![CDATA[server.domain.com]]></GPODomainController><BackupTime><![CDATA[2021-04-27T14:27:03]]></BackupTime><ID><![CDATA[{7F00E1E7-99B2-45C9-B7D5-C6AE9311F263}]]></ID><Comment><![CDATA[]]></Comment><GPODisplayName><![CDATA[AppLocker RDS AUDIT ONLY]]></GPODisplayName></BackupInst>
