<Backups xmlns="http://www.microsoft.com/GroupPolicy/GPOOperations/Manifest" xmlns:mfst="http://www.microsoft.com/GroupPolicy/GPOOperations/Manifest" mfst:version="1.0"><BackupInst><GPOGuid><![CDATA[{2F4703D4-4E58-415A-AA76-3B6558A42BD6}]]></GPOGuid><GPODomain><![CDATA[domain.com]]></GPODomain><GPODomainGuid><![CDATA[{ef9e6cad-1cd1-445c-b010-b7d42429e993}]]></GPODomainGuid><GPODomainController><![CDATA[server.domain.com]]></GPODomainController><BackupTime><![CDATA[2021-03-15T13:09:10]]></BackupTime><ID><![CDATA[{FA4355A8-44C5-4F06-B793-DAA15C753216}]]></ID><Comment><![CDATA[]]></Comment><GPODisplayName><![CDATA[SSL Weak Ciphers Disable - TLS1.0 and 1.1 Enabled]]></GPODisplayName></BackupInst></Backups>