<Backups xmlns="http://www.microsoft.com/GroupPolicy/GPOOperations/Manifest" xmlns:mfst="http://www.microsoft.com/GroupPolicy/GPOOperations/Manifest" mfst:version="1.0"><BackupInst><GPOGuid><![CDATA[{2F4703D4-4E58-415A-AA76-3B6558A42BD6}]]></GPOGuid><GPODomain><![CDATA[COMPASSMSP.com]]></GPODomain><GPODomainGuid><![CDATA[{ef9e6cad-1cd1-445c-b010-b7d42429e993}]]></GPODomainGuid><GPODomainController><![CDATA[Compass-DC.COMPASSMSP.com]]></GPODomainController><BackupTime><![CDATA[2021-01-21T18:42:46]]></BackupTime><ID><![CDATA[{BC35052F-A3A7-42DD-8383-75F05C73B8A0}]]></ID><Comment><![CDATA[]]></Comment><GPODisplayName><![CDATA[SSL Weak Ciphers Disable - TLS1.0 and 1.1 Enabled]]></GPODisplayName></BackupInst></Backups>