<Backups xmlns="http://www.microsoft.com/GroupPolicy/GPOOperations/Manifest" xmlns:mfst="http://www.microsoft.com/GroupPolicy/GPOOperations/Manifest" mfst:version="1.0"><BackupInst><GPOGuid><![CDATA[{0A9BFB35-7B0D-4FEE-B9D9-87E979E8F5BE}]]></GPOGuid><GPODomain><![CDATA[domain.com]]></GPODomain><GPODomainGuid><![CDATA[{ed70218f-b361-47cd-9592-0d34524f3fdd}]]></GPODomainGuid><GPODomainController><![CDATA[server.domain.com]]></GPODomainController><BackupTime><![CDATA[2020-11-04T21:05:47]]></BackupTime><ID><![CDATA[{DB84106A-73DD-461D-859C-E0717ADD9A96}]]></ID><Comment><![CDATA[]]></Comment><GPODisplayName><![CDATA[PowerShell 2 Disable]]></GPODisplayName></BackupInst></Backups>