<BackupInst xmlns="http://www.microsoft.com/GroupPolicy/GPOOperations/Manifest"><GPOGuid><![CDATA[{1E473303-91E6-437B-B8C0-9112E503B121}]]></GPOGuid><GPODomain><![CDATA[domain.com]]></GPODomain><GPODomainGuid><![CDATA[{ed70218f-b361-47cd-9592-0d34524f3fdd}]]></GPODomainGuid><GPODomainController><![CDATA[server.domain.com]]></GPODomainController><BackupTime><![CDATA[2020-10-01T20:30:23]]></BackupTime><ID><![CDATA[{B437846F-FADA-41D0-8B82-0EE5A7E5ABD1}]]></ID><Comment><![CDATA[]]></Comment><GPODisplayName><![CDATA[LDAP Binding Enforcement]]></GPODisplayName></BackupInst>
