<Backups xmlns="http://www.microsoft.com/GroupPolicy/GPOOperations/Manifest" xmlns:mfst="http://www.microsoft.com/GroupPolicy/GPOOperations/Manifest" mfst:version="1.0"><BackupInst><GPOGuid><![CDATA[{546F3CAE-D6A9-481D-B28E-D7BFBA70AB5C}]]></GPOGuid><GPODomain><![CDATA[domain.com]]></GPODomain><GPODomainGuid><![CDATA[{bc5325db-740b-49cd-8c45-a2e984f337a1}]]></GPODomainGuid><GPODomainController><![CDATA[server.domain.com]]></GPODomainController><BackupTime><![CDATA[2020-11-04T17:58:33]]></BackupTime><ID><![CDATA[{FAE42584-777D-49C9-8EBD-B9B3DD7A3625}]]></ID><Comment><![CDATA[]]></Comment><GPODisplayName><![CDATA[Firewall RDG]]></GPODisplayName></BackupInst></Backups>