<Backups xmlns="http://www.microsoft.com/GroupPolicy/GPOOperations/Manifest" xmlns:mfst="http://www.microsoft.com/GroupPolicy/GPOOperations/Manifest" mfst:version="1.0"><BackupInst><GPOGuid><![CDATA[{8D73E8BE-80D2-46FC-9F46-EB2AC29B84FF}]]></GPOGuid><GPODomain><![CDATA[domain.com]]></GPODomain><GPODomainGuid><![CDATA[{ef9e6cad-1cd1-445c-b010-b7d42429e993}]]></GPODomainGuid><GPODomainController><![CDATA[server.domain.com]]></GPODomainController><BackupTime><![CDATA[2021-06-16T20:08:28]]></BackupTime><ID><![CDATA[{C790AA1C-6C69-40D5-B4AE-7DE9DBEC6F78}]]></ID><Comment><![CDATA[]]></Comment><GPODisplayName><![CDATA[Firewall - Block LAN P2P]]></GPODisplayName></BackupInst></Backups>