<BackupInst xmlns="http://www.microsoft.com/GroupPolicy/GPOOperations/Manifest"><GPOGuid><![CDATA[{4FEDFFFE-CDA6-43AA-8AA7-CDC52F834CE6}]]></GPOGuid><GPODomain><![CDATA[COMPASSMSP.com]]></GPODomain><GPODomainGuid><![CDATA[{ef9e6cad-1cd1-445c-b010-b7d42429e993}]]></GPODomainGuid><GPODomainController><![CDATA[C-M1-DC3.COMPASSMSP.com]]></GPODomainController><BackupTime><![CDATA[2020-06-30T18:52:20]]></BackupTime><ID><![CDATA[{D0C26679-CC3F-4EE6-A9C9-15BCD835872D}]]></ID><Comment><![CDATA[]]></Comment><GPODisplayName><![CDATA[LSA Protection]]></GPODisplayName></BackupInst>
