<Backups xmlns="http://www.microsoft.com/GroupPolicy/GPOOperations/Manifest" xmlns:mfst="http://www.microsoft.com/GroupPolicy/GPOOperations/Manifest" mfst:version="1.0"><BackupInst><GPOGuid><![CDATA[{D236EE00-81A6-4468-965B-D022BCC49431}]]></GPOGuid><GPODomain><![CDATA[domain]]></GPODomain><GPODomainGuid><![CDATA[{ef9e6cad-1cd1-445c-b010-b7d42429e993}]]></GPODomainGuid><GPODomainController><![CDATA[server.domain]]></GPODomainController><BackupTime><![CDATA[2020-09-24T14:55:09]]></BackupTime><ID><![CDATA[{801E9389-D43E-4951-8A2C-994FFF223B46}]]></ID><Comment><![CDATA[]]></Comment><GPODisplayName><![CDATA[Cisco Umbrella Root Cert]]></GPODisplayName></BackupInst></Backups>