<Backups xmlns="http://www.microsoft.com/GroupPolicy/GPOOperations/Manifest" xmlns:mfst="http://www.microsoft.com/GroupPolicy/GPOOperations/Manifest" mfst:version="1.0"><BackupInst><GPOGuid><![CDATA[{D236EE00-81A6-4468-965B-D022BCC49431}]]></GPOGuid><GPODomain><![CDATA[domain.com]]></GPODomain><GPODomainGuid><![CDATA[{ef9e6cad-1cd1-445c-b010-b7d42429e993}]]></GPODomainGuid><GPODomainController><![CDATA[server.domain.com]]></GPODomainController><BackupTime><![CDATA[2020-09-23T16:46:32]]></BackupTime><ID><![CDATA[{B9164D84-F09B-4747-B4CC-91E3D70B22D6}]]></ID><Comment><![CDATA[]]></Comment><GPODisplayName><![CDATA[Cisco Umbrella Root Cert]]></GPODisplayName></BackupInst></Backups>