<BackupInst xmlns="http://www.microsoft.com/GroupPolicy/GPOOperations/Manifest"><GPOGuid><![CDATA[{7F83461E-D7B5-4F41-8C96-6A7895BB5614}]]></GPOGuid><GPODomain><![CDATA[HamiltonMiller.com]]></GPODomain><GPODomainGuid><![CDATA[{620f73a3-1f40-467a-9b1b-a4f8cef68cc0}]]></GPODomainGuid><GPODomainController><![CDATA[HMB-DC02.HamiltonMiller.com]]></GPODomainController><BackupTime><![CDATA[2023-10-03T10:21:58]]></BackupTime><ID><![CDATA[{78914A04-3FD9-48F2-B2E5-23AED5027D99}]]></ID><Comment><![CDATA[]]></Comment><GPODisplayName><![CDATA[OneDrive Configuration - AVDs]]></GPODisplayName></BackupInst>
