<BackupInst xmlns="http://www.microsoft.com/GroupPolicy/GPOOperations/Manifest"><GPOGuid><![CDATA[{376B405D-C166-4D10-88C4-1437AE158D25}]]></GPOGuid><GPODomain><![CDATA[HamiltonMiller.com]]></GPODomain><GPODomainGuid><![CDATA[{620f73a3-1f40-467a-9b1b-a4f8cef68cc0}]]></GPODomainGuid><GPODomainController><![CDATA[HMB-DC02.HamiltonMiller.com]]></GPODomainController><BackupTime><![CDATA[2023-10-03T10:21:01]]></BackupTime><ID><![CDATA[{3DC342A6-1DC0-4D86-AC9E-9B6C946F2EE2}]]></ID><Comment><![CDATA[]]></Comment><GPODisplayName><![CDATA[AVD-Internet Options]]></GPODisplayName></BackupInst>
