<Backups xmlns="http://www.microsoft.com/GroupPolicy/GPOOperations/Manifest" xmlns:mfst="http://www.microsoft.com/GroupPolicy/GPOOperations/Manifest" mfst:version="1.0"><BackupInst><GPOGuid><![CDATA[{8C30062A-187C-4CFB-9688-B8BEB4C5A181}]]></GPOGuid><GPODomain><![CDATA[domain.com]]></GPODomain><GPODomainGuid><![CDATA[{ef9e6cad-1cd1-445c-b010-b7d42429e993}]]></GPODomainGuid><GPODomainController><![CDATA[server.domain.com]]></GPODomainController><BackupTime><![CDATA[2021-06-08T18:02:26]]></BackupTime><ID><![CDATA[{DDF8ED6C-E541-4B7F-9F92-C30BC6193A84}]]></ID><Comment><![CDATA[]]></Comment><GPODisplayName><![CDATA[FSLogix ODFC 2019]]></GPODisplayName></BackupInst></Backups>