<Backups xmlns="http://www.microsoft.com/GroupPolicy/GPOOperations/Manifest" xmlns:mfst="http://www.microsoft.com/GroupPolicy/GPOOperations/Manifest" mfst:version="1.0"><BackupInst><GPOGuid><![CDATA[{81FB0B62-F929-4233-9459-334E5FD01C9D}]]></GPOGuid><GPODomain><![CDATA[domain.com]]></GPODomain><GPODomainGuid><![CDATA[{ef9e6cad-1cd1-445c-b010-b7d42429e993}]]></GPODomainGuid><GPODomainController><![CDATA[server.domain.com]]></GPODomainController><BackupTime><![CDATA[2020-10-27T20:29:46]]></BackupTime><ID><![CDATA[{AF98DBBB-9636-4D66-AB2F-6461E1328812}]]></ID><Comment><![CDATA[]]></Comment><GPODisplayName><![CDATA[Firewall Web Server]]></GPODisplayName></BackupInst></Backups>