<BackupInst xmlns="http://www.microsoft.com/GroupPolicy/GPOOperations/Manifest"><GPOGuid><![CDATA[{4FB20CE8-535A-41EF-AAB9-5DB129A7BEB3}]]></GPOGuid><GPODomain><![CDATA[COMPASSMSP.com]]></GPODomain><GPODomainGuid><![CDATA[{ef9e6cad-1cd1-445c-b010-b7d42429e993}]]></GPODomainGuid><GPODomainController><![CDATA[C-M1-DC3.COMPASSMSP.com]]></GPODomainController><BackupTime><![CDATA[2020-06-30T18:55:21]]></BackupTime><ID><![CDATA[{49C7E9D1-F705-4872-9B9E-3FE1CA543EDD}]]></ID><Comment><![CDATA[]]></Comment><GPODisplayName><![CDATA[RDS Visual Settings]]></GPODisplayName></BackupInst>
