<Backups xmlns="http://www.microsoft.com/GroupPolicy/GPOOperations/Manifest" xmlns:mfst="http://www.microsoft.com/GroupPolicy/GPOOperations/Manifest" mfst:version="1.0"><BackupInst><GPOGuid><![CDATA[{49B1C50B-116F-4AEC-A200-D0E590CFEAB6}]]></GPOGuid><GPODomain><![CDATA[COMPASSMSP.com]]></GPODomain><GPODomainGuid><![CDATA[{ef9e6cad-1cd1-445c-b010-b7d42429e993}]]></GPODomainGuid><GPODomainController><![CDATA[C-M1-DC3.COMPASSMSP.com]]></GPODomainController><BackupTime><![CDATA[2020-06-30T18:56:55]]></BackupTime><ID><![CDATA[{ED3C52E9-3FB8-4D8D-967A-5DF173B3C8A9}]]></ID><Comment><![CDATA[]]></Comment><GPODisplayName><![CDATA[Windows 10 User Bloat Removal]]></GPODisplayName></BackupInst></Backups>