<Backups xmlns="http://www.microsoft.com/GroupPolicy/GPOOperations/Manifest" xmlns:mfst="http://www.microsoft.com/GroupPolicy/GPOOperations/Manifest" mfst:version="1.0"><BackupInst><GPOGuid><![CDATA[{8B30A71A-2F04-4F6D-B92B-BBDC5BA9B08C}]]></GPOGuid><GPODomain><![CDATA[domain.com]]></GPODomain><GPODomainGuid><![CDATA[{ef9e6cad-1cd1-445c-b010-b7d42429e993}]]></GPODomainGuid><GPODomainController><![CDATA[server.domain.com]]></GPODomainController><BackupTime><![CDATA[2020-11-04T21:14:04]]></BackupTime><ID><![CDATA[{1137CFF4-C5B6-4E3F-85DF-85CAF8D59C7A}]]></ID><Comment><![CDATA[]]></Comment><GPODisplayName><![CDATA[Audit Policy]]></GPODisplayName></BackupInst></Backups>