<Backups xmlns="http://www.microsoft.com/GroupPolicy/GPOOperations/Manifest" xmlns:mfst="http://www.microsoft.com/GroupPolicy/GPOOperations/Manifest" mfst:version="1.0"><BackupInst><GPOGuid><![CDATA[{8B30A71A-2F04-4F6D-B92B-BBDC5BA9B08C}]]></GPOGuid><GPODomain><![CDATA[COMPASSMSP.com]]></GPODomain><GPODomainGuid><![CDATA[{ef9e6cad-1cd1-445c-b010-b7d42429e993}]]></GPODomainGuid><GPODomainController><![CDATA[C-M1-DC3.COMPASSMSP.com]]></GPODomainController><BackupTime><![CDATA[2021-02-10T19:10:49]]></BackupTime><ID><![CDATA[{5D353CCB-37C5-418A-9E2D-7AAB48724AE2}]]></ID><Comment><![CDATA[]]></Comment><GPODisplayName><![CDATA[Audit Policy]]></GPODisplayName></BackupInst></Backups>