<Backups xmlns="http://www.microsoft.com/GroupPolicy/GPOOperations/Manifest" xmlns:mfst="http://www.microsoft.com/GroupPolicy/GPOOperations/Manifest" mfst:version="1.0"><BackupInst><GPOGuid><![CDATA[{7F83461E-D7B5-4F41-8C96-6A7895BB5614}]]></GPOGuid><GPODomain><![CDATA[HamiltonMiller.com]]></GPODomain><GPODomainGuid><![CDATA[{620f73a3-1f40-467a-9b1b-a4f8cef68cc0}]]></GPODomainGuid><GPODomainController><![CDATA[HMB-DC02.HamiltonMiller.com]]></GPODomainController><BackupTime><![CDATA[2023-10-03T10:21:58]]></BackupTime><ID><![CDATA[{78914A04-3FD9-48F2-B2E5-23AED5027D99}]]></ID><Comment><![CDATA[]]></Comment><GPODisplayName><![CDATA[OneDrive Configuration - AVDs]]></GPODisplayName></BackupInst><BackupInst><GPOGuid><![CDATA[{1FF81099-442A-4878-AE63-018D443D4237}]]></GPOGuid><GPODomain><![CDATA[HamiltonMiller.com]]></GPODomain><GPODomainGuid><![CDATA[{620f73a3-1f40-467a-9b1b-a4f8cef68cc0}]]></GPODomainGuid><GPODomainController><![CDATA[HMB-DC02.HamiltonMiller.com]]></GPODomainController><BackupTime><![CDATA[2023-10-03T10:21:48]]></BackupTime><ID><![CDATA[{11BF92A6-B746-49F5-9556-F24545FD40EF}]]></ID><Comment><![CDATA[]]></Comment><GPODisplayName><![CDATA[Outlook - 3 mo Cache Mode]]></GPODisplayName></BackupInst><BackupInst><GPOGuid><![CDATA[{00C7432D-ED34-42D9-B5DC-DA28CA00542C}]]></GPOGuid><GPODomain><![CDATA[HamiltonMiller.com]]></GPODomain><GPODomainGuid><![CDATA[{620f73a3-1f40-467a-9b1b-a4f8cef68cc0}]]></GPODomainGuid><GPODomainController><![CDATA[HMB-DC02.HamiltonMiller.com]]></GPODomainController><BackupTime><![CDATA[2023-10-03T10:21:02]]></BackupTime><ID><![CDATA[{2B7849EA-2489-4AFF-8B12-C057B3E3F3F4}]]></ID><Comment><![CDATA[]]></Comment><GPODisplayName><![CDATA[AVD-Teams Optimized]]></GPODisplayName></BackupInst><BackupInst><GPOGuid><![CDATA[{EB036425-1831-4776-BD41-87400956728B}]]></GPOGuid><GPODomain><![CDATA[HamiltonMiller.com]]></GPODomain><GPODomainGuid><![CDATA[{620f73a3-1f40-467a-9b1b-a4f8cef68cc0}]]></GPODomainGuid><GPODomainController><![CDATA[HMB-DC02.HamiltonMiller.com]]></GPODomainController><BackupTime><![CDATA[2023-10-03T10:21:02]]></BackupTime><ID><![CDATA[{206C3EA5-F73F-4022-A6B3-EF52C932024C}]]></ID><Comment><![CDATA[]]></Comment><GPODisplayName><![CDATA[AVD-Redirect only default printer]]></GPODisplayName></BackupInst><BackupInst><GPOGuid><![CDATA[{42BE3004-D5DF-4235-A0E0-114142F25FEE}]]></GPOGuid><GPODomain><![CDATA[HamiltonMiller.com]]></GPODomain><GPODomainGuid><![CDATA[{620f73a3-1f40-467a-9b1b-a4f8cef68cc0}]]></GPODomainGuid><GPODomainController><![CDATA[HMB-DC02.HamiltonMiller.com]]></GPODomainController><BackupTime><![CDATA[2023-10-03T10:21:02]]></BackupTime><ID><![CDATA[{4E4A6BF9-8104-472A-AB64-8BAEEEF9CE85}]]></ID><Comment><![CDATA[]]></Comment><GPODisplayName><![CDATA[AVD-Redirect All Printers for a group]]></GPODisplayName></BackupInst><BackupInst><GPOGuid><![CDATA[{2F0FB46B-7138-4712-8073-27ED20970EBA}]]></GPOGuid><GPODomain><![CDATA[HamiltonMiller.com]]></GPODomain><GPODomainGuid><![CDATA[{620f73a3-1f40-467a-9b1b-a4f8cef68cc0}]]></GPODomainGuid><GPODomainController><![CDATA[HMB-DC02.HamiltonMiller.com]]></GPODomainController><BackupTime><![CDATA[2023-10-03T10:21:01]]></BackupTime><ID><![CDATA[{5145B279-7827-465E-B056-C0FB7E6AA774}]]></ID><Comment><![CDATA[]]></Comment><GPODisplayName><![CDATA[AVD-InTune enrollment]]></GPODisplayName></BackupInst><BackupInst><GPOGuid><![CDATA[{376B405D-C166-4D10-88C4-1437AE158D25}]]></GPOGuid><GPODomain><![CDATA[HamiltonMiller.com]]></GPODomain><GPODomainGuid><![CDATA[{620f73a3-1f40-467a-9b1b-a4f8cef68cc0}]]></GPODomainGuid><GPODomainController><![CDATA[HMB-DC02.HamiltonMiller.com]]></GPODomainController><BackupTime><![CDATA[2023-10-03T10:21:01]]></BackupTime><ID><![CDATA[{3DC342A6-1DC0-4D86-AC9E-9B6C946F2EE2}]]></ID><Comment><![CDATA[]]></Comment><GPODisplayName><![CDATA[AVD-Internet Options]]></GPODisplayName></BackupInst><BackupInst><GPOGuid><![CDATA[{77EA23E4-B8BC-4627-B9B3-D66BE198F563}]]></GPOGuid><GPODomain><![CDATA[HamiltonMiller.com]]></GPODomain><GPODomainGuid><![CDATA[{620f73a3-1f40-467a-9b1b-a4f8cef68cc0}]]></GPODomainGuid><GPODomainController><![CDATA[HMB-DC02.HamiltonMiller.com]]></GPODomainController><BackupTime><![CDATA[2023-10-03T10:21:01]]></BackupTime><ID><![CDATA[{DA25F1BC-B43C-459F-95CC-7EBA687EADCD}]]></ID><Comment><![CDATA[]]></Comment><GPODisplayName><![CDATA[AVD-FsLogix]]></GPODisplayName></BackupInst><BackupInst><GPOGuid><![CDATA[{4EAB957D-6731-46F0-81E4-6BB54CEC5F4A}]]></GPOGuid><GPODomain><![CDATA[HamiltonMiller.com]]></GPODomain><GPODomainGuid><![CDATA[{620f73a3-1f40-467a-9b1b-a4f8cef68cc0}]]></GPODomainGuid><GPODomainController><![CDATA[HMB-DC02.HamiltonMiller.com]]></GPODomainController><BackupTime><![CDATA[2023-10-03T10:21:01]]></BackupTime><ID><![CDATA[{869F6149-A08F-4493-8EA0-385ECB8D66BD}]]></ID><Comment><![CDATA[]]></Comment><GPODisplayName><![CDATA[AVD-FolderRedirection v3.0]]></GPODisplayName></BackupInst><BackupInst><GPOGuid><![CDATA[{A4D2D94E-04DF-4A85-8B77-C868E53BD1E7}]]></GPOGuid><GPODomain><![CDATA[HamiltonMiller.com]]></GPODomain><GPODomainGuid><![CDATA[{620f73a3-1f40-467a-9b1b-a4f8cef68cc0}]]></GPODomainGuid><GPODomainController><![CDATA[HMB-DC02.HamiltonMiller.com]]></GPODomainController><BackupTime><![CDATA[2023-10-03T10:21:01]]></BackupTime><ID><![CDATA[{BE41556E-B125-4527-90CD-0C6FF74B6FDE}]]></ID><Comment><![CDATA[]]></Comment><GPODisplayName><![CDATA[AVD-File Associations]]></GPODisplayName></BackupInst><BackupInst><GPOGuid><![CDATA[{27791E56-46A0-4AEE-BFB8-6C8E1AF6C4B5}]]></GPOGuid><GPODomain><![CDATA[HamiltonMiller.com]]></GPODomain><GPODomainGuid><![CDATA[{620f73a3-1f40-467a-9b1b-a4f8cef68cc0}]]></GPODomainGuid><GPODomainController><![CDATA[HMB-DC02.HamiltonMiller.com]]></GPODomainController><BackupTime><![CDATA[2023-10-03T10:21:00]]></BackupTime><ID><![CDATA[{69C751AE-9EF4-4158-82B5-456F93177D3C}]]></ID><Comment><![CDATA[]]></Comment><GPODisplayName><![CDATA[AVD-Enable Shortpath]]></GPODisplayName></BackupInst><BackupInst><GPOGuid><![CDATA[{D06DC939-E3C4-4F09-8CE7-13993AE75D5A}]]></GPOGuid><GPODomain><![CDATA[HamiltonMiller.com]]></GPODomain><GPODomainGuid><![CDATA[{620f73a3-1f40-467a-9b1b-a4f8cef68cc0}]]></GPODomainGuid><GPODomainController><![CDATA[HMB-DC02.HamiltonMiller.com]]></GPODomainController><BackupTime><![CDATA[2023-10-03T10:21:00]]></BackupTime><ID><![CDATA[{8DCBE531-E3BB-4657-9BB1-53CB605EED09}]]></ID><Comment><![CDATA[]]></Comment><GPODisplayName><![CDATA[AVD-Disable widgets]]></GPODisplayName></BackupInst><BackupInst><GPOGuid><![CDATA[{E6254F0F-08C4-4579-8B98-6DCE72F29C4F}]]></GPOGuid><GPODomain><![CDATA[HamiltonMiller.com]]></GPODomain><GPODomainGuid><![CDATA[{620f73a3-1f40-467a-9b1b-a4f8cef68cc0}]]></GPODomainGuid><GPODomainController><![CDATA[HMB-DC02.HamiltonMiller.com]]></GPODomainController><BackupTime><![CDATA[2023-10-03T10:21:00]]></BackupTime><ID><![CDATA[{7F3906BF-6423-405B-829B-D7F131310E13}]]></ID><Comment><![CDATA[]]></Comment><GPODisplayName><![CDATA[AVD-Connection Limit]]></GPODisplayName></BackupInst><BackupInst><GPOGuid><![CDATA[{5379B981-1740-4BD8-8FC9-04902DF7911B}]]></GPOGuid><GPODomain><![CDATA[HamiltonMiller.com]]></GPODomain><GPODomainGuid><![CDATA[{620f73a3-1f40-467a-9b1b-a4f8cef68cc0}]]></GPODomainGuid><GPODomainController><![CDATA[HMB-DC02.HamiltonMiller.com]]></GPODomainController><BackupTime><![CDATA[2023-10-03T10:20:00]]></BackupTime><ID><![CDATA[{380FB850-498F-43BC-9783-49D798EDD6CB}]]></ID><Comment><![CDATA[]]></Comment><GPODisplayName><![CDATA[AVD-Chrome]]></GPODisplayName></BackupInst><BackupInst><GPOGuid><![CDATA[{F2FE2988-9F31-4033-9BE4-4896495437A4}]]></GPOGuid><GPODomain><![CDATA[HamiltonMiller.com]]></GPODomain><GPODomainGuid><![CDATA[{620f73a3-1f40-467a-9b1b-a4f8cef68cc0}]]></GPODomainGuid><GPODomainController><![CDATA[HMB-DC02.HamiltonMiller.com]]></GPODomainController><BackupTime><![CDATA[2023-10-03T10:19:53]]></BackupTime><ID><![CDATA[{2E26D8BC-1C6A-49FF-A630-E42DA3E2F93B}]]></ID><Comment><![CDATA[]]></Comment><GPODisplayName><![CDATA[AVD-AppLocker]]></GPODisplayName></BackupInst><BackupInst><GPOGuid><![CDATA[{786EAB10-9FD3-4F65-B4A4-F22695F14B8A}]]></GPOGuid><GPODomain><![CDATA[HamiltonMiller.com]]></GPODomain><GPODomainGuid><![CDATA[{620f73a3-1f40-467a-9b1b-a4f8cef68cc0}]]></GPODomainGuid><GPODomainController><![CDATA[HMB-DC02.HamiltonMiller.com]]></GPODomainController><BackupTime><![CDATA[2023-10-03T10:19:40]]></BackupTime><ID><![CDATA[{95A85E90-7056-40C8-BCE5-244C188E5DDB}]]></ID><Comment><![CDATA[Adobe Defaults]]></Comment><GPODisplayName><![CDATA[AVD-Adobe GPO]]></GPODisplayName></BackupInst></Backups>