<BackupInst xmlns="http://www.microsoft.com/GroupPolicy/GPOOperations/Manifest"><GPOGuid><![CDATA[{0084097D-605D-4EC7-86C1-CA93810A2644}]]></GPOGuid><GPODomain><![CDATA[black.local]]></GPODomain><GPODomainGuid><![CDATA[{27222d40-73e8-410c-9123-9593b4733112}]]></GPODomainGuid><GPODomainController><![CDATA[BSK-DC1.black.local]]></GPODomainController><BackupTime><![CDATA[2018-08-15T18:29:59]]></BackupTime><ID><![CDATA[{47264582-CB44-4611-84F3-8A848D38EF30}]]></ID><Comment><![CDATA[]]></Comment><GPODisplayName><![CDATA[Internet Explorer Settings]]></GPODisplayName></BackupInst>
