<BackupInst xmlns="http://www.microsoft.com/GroupPolicy/GPOOperations/Manifest"><GPOGuid><![CDATA[{115174B2-6B72-4F71-82DF-25AB34070E3D}]]></GPOGuid><GPODomain><![CDATA[domain.com]]></GPODomain><GPODomainGuid><![CDATA[{ef9e6cad-1cd1-445c-b010-b7d42429e993}]]></GPODomainGuid><GPODomainController><![CDATA[server.domain.com]]></GPODomainController><BackupTime><![CDATA[2021-05-10T19:35:49]]></BackupTime><ID><![CDATA[{EAC22B8A-F4F0-458D-9A32-99AEE1776D24}]]></ID><Comment><![CDATA[]]></Comment><GPODisplayName><![CDATA[Firewall - RADIUS]]></GPODisplayName></BackupInst>
