<?xml version="1.0" encoding="utf-8"?>
<RegistrySettings clsid="{A3CCFC41-DFDB-43a5-8D26-0FE8B954DA51}"><Registry clsid="{9CD4B2F4-923D-47f5-A062-E897DD1DAD50}" name="DisableOutlookMobileHyperlink" status="DisableOutlookMobileHyperlink" image="11" changed="2018-05-18 23:11:47" uid="{B70B7434-8BC4-48FC-AF6E-AEA069B862B2}" desc="https://social.technet.microsoft.com/Forums/en-US/bcb9a6e6-e7a4-417f-9afb-db42b8f22e3e/disable-set-up-outlook-mobile-on-my-phone-too?forum=Office2016ITPro" removePolicy="1" bypassErrors="1"><Properties action="R" displayDecimal="0" default="0" hive="HKEY_CURRENT_USER" key="Software\Policies\Microsoft\Office\16.0\Outlook\Options\General" name="DisableOutlookMobileHyperlink" type="REG_DWORD" value="00000001"/></Registry>
	<Registry clsid="{9CD4B2F4-923D-47f5-A062-E897DD1DAD50}" name="SetupOutlookMobileWebPageOpened" status="SetupOutlookMobileWebPageOpened" image="11" desc="https://social.technet.microsoft.com/Forums/en-US/bcb9a6e6-e7a4-417f-9afb-db42b8f22e3e/disable-set-up-outlook-mobile-on-my-phone-too?forum=Office2016ITPro" removePolicy="1" bypassErrors="1" changed="2018-05-18 23:13:08" uid="{9F70C06C-9845-444E-B921-9A9B727337E6}"><Properties action="R" displayDecimal="0" default="0" hive="HKEY_CURRENT_USER" key="Software\Policies\Microsoft\Office\16.0\outlook\Setup" name="SetupOutlookMobileWebPageOpened" type="REG_DWORD" value="00000001"/></Registry>
	<Registry clsid="{9CD4B2F4-923D-47f5-A062-E897DD1DAD50}" name="AcceptAllEulas" status="AcceptAllEulas" image="11" changed="2018-09-20 02:12:47" uid="{A46B37A4-B874-4EA9-B852-2D5BEC8AEDF4}" bypassErrors="1" removePolicy="1"><Properties action="R" displayDecimal="0" default="0" hive="HKEY_CURRENT_USER" key="Software\Microsoft\Office\16.0\Registration" name="AcceptAllEulas" type="REG_DWORD" value="00000001"/></Registry>
	<Registry clsid="{9CD4B2F4-923D-47f5-A062-E897DD1DAD50}" name="PreferCloudSaveLocations" status="PreferCloudSaveLocations" image="11" changed="2019-08-28 12:25:12" uid="{7B5CA39B-0495-4799-B52B-ABD666C487AE}"><Properties action="R" displayDecimal="0" default="0" hive="HKEY_CURRENT_USER" key="Software\Microsoft\Office\16.0\Common\General" name="PreferCloudSaveLocations" type="REG_DWORD" value="00000000"/></Registry>
	<Registry clsid="{9CD4B2F4-923D-47f5-A062-E897DD1DAD50}" name="GroupExpandAnimations" status="GroupExpandAnimations" image="11" changed="2019-09-12 18:13:00" uid="{854CB34F-B91A-44E3-8DE5-4F31366BE689}"><Properties action="R" displayDecimal="0" default="0" hive="HKEY_CURRENT_USER" key="SOFTWARE\Microsoft\Office\16.0\Outlook\options\General" name="GroupExpandAnimations" type="REG_DWORD" value="00000000"/></Registry>
</RegistrySettings>
