<Backups xmlns="http://www.microsoft.com/GroupPolicy/GPOOperations/Manifest" xmlns:mfst="http://www.microsoft.com/GroupPolicy/GPOOperations/Manifest" mfst:version="1.0"><BackupInst><GPOGuid><![CDATA[{B278D5AE-96A5-4600-A074-0FD4853303DE}]]></GPOGuid><GPODomain><![CDATA[domain.com]]></GPODomain><GPODomainGuid><![CDATA[{ed70218f-b361-47cd-9592-0d34524f3fdd}]]></GPODomainGuid><GPODomainController><![CDATA[server.domain.com]]></GPODomainController><BackupTime><![CDATA[2021-06-14T18:50:58]]></BackupTime><ID><![CDATA[{00C06568-CA3A-4F9C-898A-C1BF5129DB35}]]></ID><Comment><![CDATA[]]></Comment><GPODisplayName><![CDATA[Firewall - DC]]></GPODisplayName></BackupInst></Backups>