<Backups xmlns="http://www.microsoft.com/GroupPolicy/GPOOperations/Manifest" xmlns:mfst="http://www.microsoft.com/GroupPolicy/GPOOperations/Manifest" mfst:version="1.0"><BackupInst><GPOGuid><![CDATA[{7D5F56E5-75C4-4ECC-AE7B-708D054EC439}]]></GPOGuid><GPODomain><![CDATA[domain.com]]></GPODomain><GPODomainGuid><![CDATA[{ef9e6cad-1cd1-445c-b010-b7d42429e993}]]></GPODomainGuid><GPODomainController><![CDATA[server.domain.com]]></GPODomainController><BackupTime><![CDATA[2021-06-16T20:17:21]]></BackupTime><ID><![CDATA[{9BC68C15-1CDA-41EC-9022-C3005DF36717}]]></ID><Comment><![CDATA[]]></Comment><GPODisplayName><![CDATA[User Rights Assignment Deny]]></GPODisplayName></BackupInst></Backups>