<Backups xmlns="http://www.microsoft.com/GroupPolicy/GPOOperations/Manifest" xmlns:mfst="http://www.microsoft.com/GroupPolicy/GPOOperations/Manifest" mfst:version="1.0"><BackupInst><GPOGuid><![CDATA[{95A5CE72-4A8A-468F-BFF7-1553364A6D52}]]></GPOGuid><GPODomain><![CDATA[COMPASSMSP.com]]></GPODomain><GPODomainGuid><![CDATA[{ef9e6cad-1cd1-445c-b010-b7d42429e993}]]></GPODomainGuid><GPODomainController><![CDATA[C-M1-DC3.COMPASSMSP.com]]></GPODomainController><BackupTime><![CDATA[2020-07-06T17:52:25]]></BackupTime><ID><![CDATA[{497B1494-306D-4D27-AF05-50D46D7BA9A7}]]></ID><Comment><![CDATA[]]></Comment><GPODisplayName><![CDATA[AppLocker Domain Controllers]]></GPODisplayName></BackupInst></Backups>