<?xml version="1.0" encoding="utf-8"?>
<RegistrySettings clsid="{A3CCFC41-DFDB-43a5-8D26-0FE8B954DA51}"><Registry clsid="{9CD4B2F4-923D-47f5-A062-E897DD1DAD50}" name="MaxSize" status="MaxSize" image="12" changed="2018-12-18 14:50:47" uid="{9D8A6052-689B-404A-825C-9C92E9F4A4F9}"><Properties action="U" displayDecimal="1" default="0" hive="HKEY_LOCAL_MACHINE" key="Software\Microsoft\Windows\CurrentVersion\WINEVT\Channels\Microsoft-Windows-PowerShell/Operational" name="MaxSize" type="REG_DWORD" value="12500000"/></Registry>
	<Registry clsid="{9CD4B2F4-923D-47f5-A062-E897DD1DAD50}" name="MaxSize" status="MaxSize" image="12" changed="2020-11-04 20:08:41" uid="{C2A10065-FF4D-4712-B535-B565771087E8}"><Properties action="U" displayDecimal="0" default="0" hive="HKEY_LOCAL_MACHINE" key="SYSTEM\CurrentControlSet\Services\EventLog\Windows PowerShell" name="MaxSize" type="REG_DWORD" value="30723276"/></Registry>
	<Registry clsid="{9CD4B2F4-923D-47f5-A062-E897DD1DAD50}" name="MaxSize" status="MaxSize" image="12" changed="2020-11-04 20:10:38" uid="{493F50E2-6002-44D6-9257-DC2AD3296BB3}"><Properties action="U" displayDecimal="0" default="0" hive="HKEY_LOCAL_MACHINE" key="SOFTWARE\Microsoft\Windows\CurrentVersion\WINEVT\Channels\PowerShellCore/Operational" name="MaxSize" type="REG_DWORD" value="30723276"/></Registry>
	<Registry clsid="{9CD4B2F4-923D-47f5-A062-E897DD1DAD50}" name="MaxSize" status="MaxSize" image="12" changed="2021-03-26 18:08:49" uid="{64C321F3-7F14-4598-8B85-3C54690AA83B}"><Properties action="U" displayDecimal="1" default="0" hive="HKEY_LOCAL_MACHINE" key="SOFTWARE\Microsoft\Windows\CurrentVersion\WINEVT\Channels\Microsoft-Windows-TerminalServices-LocalSessionManager/Admin" name="MaxSize" type="REG_DWORD" value="3EBF0000"/></Registry>
	<Registry clsid="{9CD4B2F4-923D-47f5-A062-E897DD1DAD50}" name="MaxSize" status="MaxSize" image="12" changed="2021-03-26 18:09:11" uid="{F21D742C-0078-4572-BC52-0AC4876C1841}"><Properties action="U" displayDecimal="1" default="0" hive="HKEY_LOCAL_MACHINE" key="SOFTWARE\Microsoft\Windows\CurrentVersion\WINEVT\Channels\Microsoft-Windows-TerminalServices-LocalSessionManager/Operational" name="MaxSize" type="REG_DWORD" value="3EBF0000"/></Registry>
	<Registry clsid="{9CD4B2F4-923D-47f5-A062-E897DD1DAD50}" name="MaxSize" status="MaxSize" image="12" changed="2021-03-26 18:09:40" uid="{E0260ABC-1538-44FB-A982-037488767A4A}"><Properties action="U" displayDecimal="1" default="0" hive="HKEY_LOCAL_MACHINE" key="SOFTWARE\Microsoft\Windows\CurrentVersion\WINEVT\Channels\Microsoft-Windows-TerminalServices-RemoteConnectionManager/Admin" name="MaxSize" type="REG_DWORD" value="3EBF0000"/></Registry>
	<Registry clsid="{9CD4B2F4-923D-47f5-A062-E897DD1DAD50}" name="MaxSize" status="MaxSize" image="12" changed="2021-03-26 18:09:52" uid="{9A3EBF2E-948A-4893-9014-986A1B3982B5}"><Properties action="U" displayDecimal="1" default="0" hive="HKEY_LOCAL_MACHINE" key="SOFTWARE\Microsoft\Windows\CurrentVersion\WINEVT\Channels\Microsoft-Windows-TerminalServices-RemoteConnectionManager/Operational" name="MaxSize" type="REG_DWORD" value="3EBF0000"/></Registry>
</RegistrySettings>
