<?xml version="1.0" encoding="utf-8"?>
<InternetSettings clsid="{B611EB48-F531-42cd-A1F6-5E0D015377BA}"><IE10 clsid="{683F7AD7-E782-4232-8A6D-F22431F12DB5}" name="Internet Explorer 10" status="Internet Explorer 10" changed="2018-08-15 13:31:43" uid="{1320631B-CB44-4693-AD01-3B636D352517}" desc="https://discussions.citrix.com/topic/332011-published-ie-and-session-staying-active-after-ie-is-closed/" bypassErrors="1"><Filters><FilterFile hidden="1" not="0" bool="AND" path="%ProgramFilesDir%\Internet Explorer\iexplore.exe" type="VERSION" gte="1" min="10.0.0.0" max="99.0.0.0" lte="0"/></Filters><Properties><Reg id="Homepage" disabled="1" type="REG_SZ" hive="HKEY_CURRENT_USER" key="Software\Microsoft\Internet Explorer\Main" name="Start Page" value=""/><Reg id="SecondaryStartPages" disabled="1" type="REG_MULTI_SZ" hive="HKEY_CURRENT_USER" key="Software\Microsoft\Internet Explorer\Main" name="Secondary Start Pages" value=""/><Reg id="ClearBrowsingHistoryOnExit" disabled="1" type="REG_DWORD" hive="HKEY_CURRENT_USER" key="Software\Microsoft\Internet Explorer\Privacy" name="ClearBrowsingHistoryOnExit" value="0"/><Reg id="StartupOptions" type="REG_DWORD" hive="HKEY_CURRENT_USER" key="Software\Microsoft\Internet Explorer\ContinuousBrowsing" name="Enabled" value="00000000"/></Properties></IE10>
	<IE10 clsid="{683F7AD7-E782-4232-8A6D-F22431F12DB5}" name="Internet Explorer 10" status="Internet Explorer 10" changed="2018-08-15 18:29:29" uid="{7CA52340-6DD7-44B9-AFBC-4E3F647F91C0}" bypassErrors="1"><Filters><FilterFile hidden="1" not="0" bool="AND" path="%ProgramFilesDir%\Internet Explorer\iexplore.exe" type="VERSION" gte="1" min="10.0.0.0" max="99.0.0.0" lte="0"/><FilterRunOnce hidden="1" not="0" bool="AND" id="{5C027BCD-8663-4F09-B1B0-C4F854B49C76}"/>
		</Filters><Properties><Reg id="Homepage" type="REG_SZ" hive="HKEY_CURRENT_USER" key="Software\Microsoft\Internet Explorer\Main" name="Start Page" value="https://www.google.com/"/><Reg id="SecondaryStartPages" type="REG_MULTI_SZ" hive="HKEY_CURRENT_USER" key="Software\Microsoft\Internet Explorer\Main" name="Secondary Start Pages" value=""/><Reg id="ClearBrowsingHistoryOnExit" disabled="1" type="REG_DWORD" hive="HKEY_CURRENT_USER" key="Software\Microsoft\Internet Explorer\Privacy" name="ClearBrowsingHistoryOnExit" value="0"/><Reg id="StartupOptions" disabled="1" type="REG_DWORD" hive="HKEY_CURRENT_USER" key="Software\Microsoft\Internet Explorer\ContinuousBrowsing" name="Enabled" value="00000001"/></Properties></IE10>
</InternetSettings>
