<?xml version="1.0" encoding="utf-8"?>
<RegistrySettings clsid="{A3CCFC41-DFDB-43a5-8D26-0FE8B954DA51}"><Collection clsid="{53B533F5-224C-47e3-B01B-CA3B3F3FF4BF}" name="Remove Apps"><Registry clsid="{9CD4B2F4-923D-47f5-A062-E897DD1DAD50}" name="OemPreInstalledAppsEnabled" status="OemPreInstalledAppsEnabled" image="12" changed="2018-09-14 17:26:32" uid="{DB91948E-D15C-4EB7-BE01-708AAF2F6336}"><Properties action="U" displayDecimal="0" default="0" hive="HKEY_CURRENT_USER" key="SOFTWARE\Microsoft\Windows\CurrentVersion\ContentDeliveryManager" name="OemPreInstalledAppsEnabled" type="REG_DWORD" value="00000000"/></Registry>
		<Registry clsid="{9CD4B2F4-923D-47f5-A062-E897DD1DAD50}" name="PreInstalledAppsEnabled" status="PreInstalledAppsEnabled" image="12" changed="2018-09-14 17:26:24" uid="{24B8332A-F130-4A1E-872E-63472D6E1ADB}"><Properties action="U" displayDecimal="0" default="0" hive="HKEY_CURRENT_USER" key="SOFTWARE\Microsoft\Windows\CurrentVersion\ContentDeliveryManager" name="PreInstalledAppsEnabled" type="REG_DWORD" value="00000000"/></Registry>
		<Registry clsid="{9CD4B2F4-923D-47f5-A062-E897DD1DAD50}" name="SilentInstalledAppsEnabled" status="SilentInstalledAppsEnabled" image="12" changed="2018-09-14 17:26:14" uid="{7F47D27A-6085-43EA-A152-2B66AC657856}"><Properties action="U" displayDecimal="0" default="0" hive="HKEY_CURRENT_USER" key="SOFTWARE\Microsoft\Windows\CurrentVersion\ContentDeliveryManager" name="SilentInstalledAppsEnabled" type="REG_DWORD" value="00000000"/></Registry>
		<Registry clsid="{9CD4B2F4-923D-47f5-A062-E897DD1DAD50}" name="SubscribedContentEnabled" status="SubscribedContentEnabled" image="12" changed="2018-09-14 17:15:56" uid="{50B2B602-8FF8-4A4F-9F08-09974BB69962}"><Properties action="U" displayDecimal="0" default="0" hive="HKEY_CURRENT_USER" key="SOFTWARE\Microsoft\Windows\CurrentVersion\ContentDeliveryManager" name="SubscribedContentEnabled" type="REG_DWORD" value="00000000"/></Registry>
		<Registry clsid="{9CD4B2F4-923D-47f5-A062-E897DD1DAD50}" name="SystemPaneSuggestionsEnabled" status="SystemPaneSuggestionsEnabled" image="12" changed="2018-09-14 17:26:02" uid="{F99B766A-57B6-4651-897D-FDAAE8D82710}" bypassErrors="1"><Properties action="U" displayDecimal="0" default="0" hive="HKEY_CURRENT_USER" key="SOFTWARE\Microsoft\Windows\CurrentVersion\ContentDeliveryManage" name="SystemPaneSuggestionsEnabled" type="REG_DWORD" value="00000000"/></Registry>
		<Registry clsid="{9CD4B2F4-923D-47f5-A062-E897DD1DAD50}" name="PreInstalledAppsEverEnabled" status="PreInstalledAppsEverEnabled" image="12" changed="2019-07-25 17:47:42" uid="{7850E3F2-57B4-4DEC-8FD8-FF3E3A0F397A}"><Properties action="U" displayDecimal="0" default="0" hive="HKEY_CURRENT_USER" key="SOFTWARE\Microsoft\Windows\CurrentVersion\ContentDeliveryManager" name="PreInstalledAppsEverEnabled" type="REG_DWORD" value="00000000"/></Registry>
		<Registry clsid="{9CD4B2F4-923D-47f5-A062-E897DD1DAD50}" name="ContentDeliveryAllowed" status="ContentDeliveryAllowed" image="12" changed="2019-07-25 17:48:41" uid="{0FC39BDE-DE28-4F54-B4E0-2B2F3AAC563A}"><Properties action="U" displayDecimal="0" default="0" hive="HKEY_CURRENT_USER" key="SOFTWARE\Microsoft\Windows\CurrentVersion\ContentDeliveryManager" name="ContentDeliveryAllowed" type="REG_DWORD" value="00000000"/></Registry>
		<Registry clsid="{9CD4B2F4-923D-47f5-A062-E897DD1DAD50}" name="GameDVR_Enabled" status="GameDVR_Enabled" image="12" changed="2019-07-25 17:56:39" uid="{4E263F2B-6943-43E5-9D74-186628364463}"><Properties action="U" displayDecimal="0" default="0" hive="HKEY_CURRENT_USER" key="System\GameConfigStore" name="GameDVR_Enabled" type="REG_DWORD" value="00000000"/></Registry>
	</Collection>
	<Collection clsid="{53B533F5-224C-47e3-B01B-CA3B3F3FF4BF}" name="Hide Search Bar"><Registry clsid="{9CD4B2F4-923D-47f5-A062-E897DD1DAD50}" name="SearchboxTaskbarMode" status="SearchboxTaskbarMode" image="12" changed="2017-11-10 19:13:39" uid="{82282ACB-D528-4224-8850-4FDED00A5FD6}"><Properties action="U" displayDecimal="0" default="0" hive="HKEY_CURRENT_USER" key="SOFTWARE\Microsoft\Windows\CurrentVersion\Search" name="SearchboxTaskbarMode" type="REG_DWORD" value="00000000"/></Registry>
	</Collection>
	<Collection clsid="{53B533F5-224C-47e3-B01B-CA3B3F3FF4BF}" name="Hide Task View Button"><Registry clsid="{9CD4B2F4-923D-47f5-A062-E897DD1DAD50}" name="ShowTaskViewButton" status="ShowTaskViewButton" image="12" changed="2018-09-14 17:27:00" uid="{F263B747-9452-4AB5-BB8F-69D9C8C37C47}" bypassErrors="1"><Properties action="U" displayDecimal="0" default="0" hive="HKEY_CURRENT_USER" key="SOFTWARE\Microsoft\Windows\CurrentVersion\Explorer\Advanced" name="ShowTaskViewButton" type="REG_DWORD" value="00000000"/><Filters><FilterRunOnce hidden="1" not="0" bool="AND" id="{B63ECAE1-D5B1-4102-923A-05B0002F0161}"/>
			</Filters></Registry>
	</Collection>
	<Collection clsid="{53B533F5-224C-47e3-B01B-CA3B3F3FF4BF}" name="Remove OneDrive Notification"><Registry clsid="{9CD4B2F4-923D-47f5-A062-E897DD1DAD50}" name="ShowSyncProviderNotifications" status="ShowSyncProviderNotifications" image="12" changed="2017-11-21 20:07:34" uid="{AA98F868-893E-45CA-967A-A1AD8739F82D}"><Properties action="U" displayDecimal="0" default="0" hive="HKEY_CURRENT_USER" key="SOFTWARE\Microsoft\Windows\CurrentVersion\Explorer\Advanced" name="ShowSyncProviderNotifications" type="REG_DWORD" value="00000000"/></Registry>
	</Collection>
	<Collection clsid="{53B533F5-224C-47e3-B01B-CA3B3F3FF4BF}" name="Explorer This PC"><Registry clsid="{9CD4B2F4-923D-47f5-A062-E897DD1DAD50}" name="LaunchTo" status="LaunchTo" image="12" changed="2017-12-20 18:20:17" uid="{D0C49436-6684-45CC-B4BE-ECB92F0963A4}"><Properties action="U" displayDecimal="0" default="0" hive="HKEY_CURRENT_USER" key="Software\Microsoft\Windows\CurrentVersion\Explorer\Advanced " name="LaunchTo" type="REG_DWORD" value="00000001"/></Registry>
	</Collection>
	<Collection clsid="{53B533F5-224C-47e3-B01B-CA3B3F3FF4BF}" name="Search"><Registry clsid="{9CD4B2F4-923D-47f5-A062-E897DD1DAD50}" name="BingSearchEnabled" status="BingSearchEnabled" image="12" changed="2018-07-05 19:19:07" uid="{8BDE9577-2123-4599-9C88-58A72EA853DF}"><Properties action="U" displayDecimal="1" default="0" hive="HKEY_CURRENT_USER" key="Software\Microsoft\Windows\CurrentVersion\Search" name="BingSearchEnabled" type="REG_DWORD" value="00000000"/></Registry>
		<Registry clsid="{9CD4B2F4-923D-47f5-A062-E897DD1DAD50}" name="CortanaConsent" status="CortanaConsent" image="12" changed="2018-07-05 19:19:24" uid="{EC248FF1-6F64-4571-B078-C5D904D1D97A}"><Properties action="U" displayDecimal="1" default="0" hive="HKEY_CURRENT_USER" key="Software\Microsoft\Windows\CurrentVersion\Search" name="CortanaConsent" type="REG_DWORD" value="00000000"/></Registry>
		<Registry clsid="{9CD4B2F4-923D-47f5-A062-E897DD1DAD50}" name="AllowSearchToUseLocation" status="AllowSearchToUseLocation" image="12" changed="2018-07-05 19:19:44" uid="{A564F32A-8EB0-4281-8854-B84C84A0D316}"><Properties action="U" displayDecimal="1" default="0" hive="HKEY_CURRENT_USER" key="Software\Microsoft\Windows\CurrentVersion\Search" name="AllowSearchToUseLocation" type="REG_DWORD" value="00000000"/></Registry>
		<Registry clsid="{9CD4B2F4-923D-47f5-A062-E897DD1DAD50}" name="ConnectedSearchUseWebOverMeteresConnections" status="ConnectedSearchUseWebOverMeteresConnections" image="12" changed="2018-07-05 19:20:11" uid="{D11BA04B-6DA6-4C1C-AB36-A30F9D62D129}"><Properties action="U" displayDecimal="1" default="0" hive="HKEY_CURRENT_USER" key="Software\Microsoft\Windows\CurrentVersion\Search" name="ConnectedSearchUseWebOverMeteresConnections" type="REG_DWORD" value="00000000"/></Registry>
	</Collection>
	<Collection clsid="{53B533F5-224C-47e3-B01B-CA3B3F3FF4BF}" name="Windows Defender First Run"><Registry clsid="{9CD4B2F4-923D-47f5-A062-E897DD1DAD50}" name="UIFirstRun" status="UIFirstRun" image="12" changed="2019-04-30 19:36:44" uid="{17FC83FE-1D28-4900-BD3E-AD392F988256}"><Properties action="U" displayDecimal="0" default="0" hive="HKEY_CURRENT_USER" key="SOFTWARE\Microsoft\Windows Defender" name="UIFirstRun" type="REG_DWORD" value="00000000"/></Registry>
	</Collection>
	<Collection clsid="{53B533F5-224C-47e3-B01B-CA3B3F3FF4BF}" name="Siggested Content"><Registry clsid="{9CD4B2F4-923D-47f5-A062-E897DD1DAD50}" name="SubscribedContent-338393Enabled" status="SubscribedContent-338393Enabled" image="12" changed="2019-07-25 17:44:29" uid="{3610E715-4805-45AA-AAD6-96B304F1A317}"><Properties action="U" displayDecimal="0" default="0" hive="HKEY_CURRENT_USER" key="SOFTWARE\Microsoft\Windows\CurrentVersion\ContentDeliveryManager" name="SubscribedContent-338393Enabled" type="REG_DWORD" value="00000000"/></Registry>
		<Registry clsid="{9CD4B2F4-923D-47f5-A062-E897DD1DAD50}" name="SubscribedContent-353694Enabled" status="SubscribedContent-353694Enabled" image="12" changed="2019-07-25 17:44:37" uid="{75C2AAEF-B0C8-4950-A607-841D8E7D4C6D}"><Properties action="U" displayDecimal="0" default="0" hive="HKEY_CURRENT_USER" key="SOFTWARE\Microsoft\Windows\CurrentVersion\ContentDeliveryManager" name="SubscribedContent-353694Enabled" type="REG_DWORD" value="00000000"/></Registry>
		<Registry clsid="{9CD4B2F4-923D-47f5-A062-E897DD1DAD50}" name="SubscribedContent-338388Enabled" status="SubscribedContent-338388Enabled" image="12" changed="2019-07-25 17:44:46" uid="{E98383F6-DF0A-4B46-9E41-B39FA50E8664}"><Properties action="U" displayDecimal="0" default="0" hive="HKEY_CURRENT_USER" key="SOFTWARE\Microsoft\Windows\CurrentVersion\ContentDeliveryManager" name="SubscribedContent-338388Enabled" type="REG_DWORD" value="00000000"/></Registry>
		<Registry clsid="{9CD4B2F4-923D-47f5-A062-E897DD1DAD50}" name="SubscribedContent-353698Enabled" status="SubscribedContent-353698Enabled" image="12" changed="2019-07-25 17:44:58" uid="{924C20BC-87E6-4A50-8140-C8A49146BAD7}"><Properties action="U" displayDecimal="0" default="0" hive="HKEY_CURRENT_USER" key="SOFTWARE\Microsoft\Windows\CurrentVersion\ContentDeliveryManager" name="SubscribedContent-353698Enabled" type="REG_DWORD" value="00000000"/></Registry>
		<Registry clsid="{9CD4B2F4-923D-47f5-A062-E897DD1DAD50}" name="SoftLandingEnabled" status="SoftLandingEnabled" image="12" changed="2019-07-25 17:46:26" uid="{35F5D1A0-2A74-4175-80DD-E30B3CBA743E}"><Properties action="U" displayDecimal="0" default="0" hive="HKEY_CURRENT_USER" key="SOFTWARE\Microsoft\Windows\CurrentVersion\ContentDeliveryManager" name="SoftLandingEnabled" type="REG_DWORD" value="00000000"/></Registry>
		<Registry clsid="{9CD4B2F4-923D-47f5-A062-E897DD1DAD50}" name="RotatingLockScreenEnabled" status="RotatingLockScreenEnabled" image="12" changed="2019-07-25 17:47:00" uid="{E0141A94-7848-47F5-9D6E-F7AFEEE84905}"><Properties action="U" displayDecimal="0" default="0" hive="HKEY_CURRENT_USER" key="SOFTWARE\Microsoft\Windows\CurrentVersion\ContentDeliveryManager" name="RotatingLockScreenEnabled" type="REG_DWORD" value="00000000"/></Registry>
		<Registry clsid="{9CD4B2F4-923D-47f5-A062-E897DD1DAD50}" name="RotatingLockScreenOverlayEnabled" status="RotatingLockScreenOverlayEnabled" image="12" changed="2019-07-25 17:47:12" uid="{CB45A1CE-BCEF-4695-A4C9-032D73EFF994}"><Properties action="U" displayDecimal="0" default="0" hive="HKEY_CURRENT_USER" key="SOFTWARE\Microsoft\Windows\CurrentVersion\ContentDeliveryManager" name="RotatingLockScreenOverlayEnabled" type="REG_DWORD" value="00000000"/></Registry>
		<Registry clsid="{9CD4B2F4-923D-47f5-A062-E897DD1DAD50}" name="SubscribedContent-310093Enabled" status="SubscribedContent-310093Enabled" image="12" changed="2019-07-25 17:49:37" uid="{C05DEBC1-8E21-4D09-BDAF-CE263BD16FF6}"><Properties action="U" displayDecimal="0" default="0" hive="HKEY_CURRENT_USER" key="SOFTWARE\Microsoft\Windows\CurrentVersion\ContentDeliveryManager" name="SubscribedContent-310093Enabled" type="REG_DWORD" value="00000000"/></Registry>
		<Registry clsid="{9CD4B2F4-923D-47f5-A062-E897DD1DAD50}" name="SubscribedContent-338389Enabled" status="SubscribedContent-338389Enabled" image="12" changed="2019-07-25 17:49:55" uid="{7986221C-92EC-40EC-A5E1-18622C2A991A}"><Properties action="U" displayDecimal="0" default="0" hive="HKEY_CURRENT_USER" key="SOFTWARE\Microsoft\Windows\CurrentVersion\ContentDeliveryManager" name="SubscribedContent-338389Enabled" type="REG_DWORD" value="00000000"/></Registry>
		<Registry clsid="{9CD4B2F4-923D-47f5-A062-E897DD1DAD50}" name="SubscribedContent-314563Enabled" status="SubscribedContent-314563Enabled" image="12" changed="2019-07-25 17:54:34" uid="{0934F13A-E174-40EE-9CCB-71BED001D74B}"><Properties action="U" displayDecimal="0" default="0" hive="HKEY_CURRENT_USER" key="SOFTWARE\Microsoft\Windows\CurrentVersion\ContentDeliveryManager" name="SubscribedContent-314563Enabled" type="REG_DWORD" value="00000000"/></Registry>
	</Collection>
	<Collection clsid="{53B533F5-224C-47e3-B01B-CA3B3F3FF4BF}" name="Feedback"><Registry clsid="{9CD4B2F4-923D-47f5-A062-E897DD1DAD50}" name="NumberOfSIUFInPeriod" status="NumberOfSIUFInPeriod" image="12" changed="2019-07-25 17:52:08" uid="{451F22FB-EE63-488A-9D96-77C0F7E74BD0}"><Properties action="U" displayDecimal="0" default="0" hive="HKEY_CURRENT_USER" key="SOFTWARE\Microsoft\Siuf\Rules" name="NumberOfSIUFInPeriod" type="REG_DWORD" value="00000000"/></Registry>
		<Registry clsid="{9CD4B2F4-923D-47f5-A062-E897DD1DAD50}" name="PeriodInNanoSeconds" status="PeriodInNanoSeconds" image="12" changed="2019-07-25 17:52:35" uid="{68A087ED-BA29-4C28-8844-FEECFB5C4A19}"><Properties action="U" displayDecimal="0" default="0" hive="HKEY_CURRENT_USER" key="SOFTWARE\Microsoft\Siuf\Rules" name="PeriodInNanoSeconds" type="REG_DWORD" value="00000000"/></Registry>
	</Collection>
</RegistrySettings>
