<BackupInst xmlns="http://www.microsoft.com/GroupPolicy/GPOOperations/Manifest"><GPOGuid><![CDATA[{F627B2B9-82A3-4071-A093-14A39C2D0400}]]></GPOGuid><GPODomain><![CDATA[COMPASSMSP.com]]></GPODomain><GPODomainGuid><![CDATA[{ef9e6cad-1cd1-445c-b010-b7d42429e993}]]></GPODomainGuid><GPODomainController><![CDATA[C-M1-DC3.COMPASSMSP.com]]></GPODomainController><BackupTime><![CDATA[2020-06-30T18:50:45]]></BackupTime><ID><![CDATA[{59DB8DD3-218C-4AAC-8D9A-80E897DAB5AB}]]></ID><Comment><![CDATA[]]></Comment><GPODisplayName><![CDATA[Buit-in Local Accounts Restrictions]]></GPODisplayName></BackupInst>
