<BackupInst xmlns="http://www.microsoft.com/GroupPolicy/GPOOperations/Manifest"><GPOGuid><![CDATA[{FCBEBD2C-B735-4D8F-B618-6B3740354CEA}]]></GPOGuid><GPODomain><![CDATA[COMPASSMSP.com]]></GPODomain><GPODomainGuid><![CDATA[{ef9e6cad-1cd1-445c-b010-b7d42429e993}]]></GPODomainGuid><GPODomainController><![CDATA[C-M1-DC3.COMPASSMSP.com]]></GPODomainController><BackupTime><![CDATA[2020-06-30T18:56:44]]></BackupTime><ID><![CDATA[{6E532360-5229-49E4-B807-B47575460B1E}]]></ID><Comment><![CDATA[]]></Comment><GPODisplayName><![CDATA[Windows 10 Computer Bloat Removal]]></GPODisplayName></BackupInst>
