<Backups xmlns="http://www.microsoft.com/GroupPolicy/GPOOperations/Manifest" xmlns:mfst="http://www.microsoft.com/GroupPolicy/GPOOperations/Manifest" mfst:version="1.0"><BackupInst><GPOGuid><![CDATA[{E2E57052-EF97-4866-A8D8-521B46B545EB}]]></GPOGuid><GPODomain><![CDATA[domain.com]]></GPODomain><GPODomainGuid><![CDATA[{ef9e6cad-1cd1-445c-b010-b7d42429e993}]]></GPODomainGuid><GPODomainController><![CDATA[server.domain.com]]></GPODomainController><BackupTime><![CDATA[2021-04-14T13:11:01]]></BackupTime><ID><![CDATA[{799755AA-D189-4BB8-8910-DAF03007B73C}]]></ID><Comment><![CDATA[]]></Comment><GPODisplayName><![CDATA[UAC Enable]]></GPODisplayName></BackupInst></Backups>