<BackupInst xmlns="http://www.microsoft.com/GroupPolicy/GPOOperations/Manifest"><GPOGuid><![CDATA[{8B30A71A-2F04-4F6D-B92B-BBDC5BA9B08C}]]></GPOGuid><GPODomain><![CDATA[COMPASSMSP.com]]></GPODomain><GPODomainGuid><![CDATA[{ef9e6cad-1cd1-445c-b010-b7d42429e993}]]></GPODomainGuid><GPODomainController><![CDATA[Compass-DC.COMPASSMSP.com]]></GPODomainController><BackupTime><![CDATA[2021-01-19T20:50:53]]></BackupTime><ID><![CDATA[{B8BB5682-ED7F-42F1-8039-BE42228C8447}]]></ID><Comment><![CDATA[]]></Comment><GPODisplayName><![CDATA[Audit Policy]]></GPODisplayName></BackupInst>
