<Backups xmlns="http://www.microsoft.com/GroupPolicy/GPOOperations/Manifest" xmlns:mfst="http://www.microsoft.com/GroupPolicy/GPOOperations/Manifest" mfst:version="1.0"><BackupInst><GPOGuid><![CDATA[{7071655D-65F8-429B-A3AB-37257F5AB937}]]></GPOGuid><GPODomain><![CDATA[domain.com]]></GPODomain><GPODomainGuid><![CDATA[{ef9e6cad-1cd1-445c-b010-b7d42429e993}]]></GPODomainGuid><GPODomainController><![CDATA[server.domain.com]]></GPODomainController><BackupTime><![CDATA[2021-04-29T16:36:17]]></BackupTime><ID><![CDATA[{C2C5202D-2CE1-4A07-A8B8-7426537A978D}]]></ID><Comment><![CDATA[]]></Comment><GPODisplayName><![CDATA[Firewall - Base]]></GPODisplayName></BackupInst></Backups>