<Backups xmlns="http://www.microsoft.com/GroupPolicy/GPOOperations/Manifest" xmlns:mfst="http://www.microsoft.com/GroupPolicy/GPOOperations/Manifest" mfst:version="1.0"><BackupInst><GPOGuid><![CDATA[{7071655D-65F8-429B-A3AB-37257F5AB937}]]></GPOGuid><GPODomain><![CDATA[domain.com]]></GPODomain><GPODomainGuid><![CDATA[{ef9e6cad-1cd1-445c-b010-b7d42429e993}]]></GPODomainGuid><GPODomainController><![CDATA[server.domain.com]]></GPODomainController><BackupTime><![CDATA[2021-06-16T20:08:13]]></BackupTime><ID><![CDATA[{D3D79739-1E5F-4A46-AD6B-A866101160C3}]]></ID><Comment><![CDATA[]]></Comment><GPODisplayName><![CDATA[Firewall - Base]]></GPODisplayName></BackupInst></Backups>