<BackupInst xmlns="http://www.microsoft.com/GroupPolicy/GPOOperations/Manifest"><GPOGuid><![CDATA[{AD2E71FA-DE2F-45C5-B4B5-82C93F9829E2}]]></GPOGuid><GPODomain><![CDATA[COMPASSMSP.com]]></GPODomain><GPODomainGuid><![CDATA[{ef9e6cad-1cd1-445c-b010-b7d42429e993}]]></GPODomainGuid><GPODomainController><![CDATA[Compass-DC.COMPASSMSP.com]]></GPODomainController><BackupTime><![CDATA[2020-08-18T18:46:39]]></BackupTime><ID><![CDATA[{1BFE3CAD-2111-46D2-9877-455D089B8EED}]]></ID><Comment><![CDATA[]]></Comment><GPODisplayName><![CDATA[DNS over HTTPS Disable]]></GPODisplayName></BackupInst>
