<?xml version="1.0" encoding="utf-8"?>
<RegistrySettings clsid="{A3CCFC41-DFDB-43a5-8D26-0FE8B954DA51}"><Registry clsid="{9CD4B2F4-923D-47f5-A062-E897DD1DAD50}" name="ShowSyncProviderNotifications" status="ShowSyncProviderNotifications" image="12" changed="2018-02-13 16:29:45" uid="{273ACFA9-F71B-4925-A907-1B5D511CB024}" bypassErrors="1"><Properties action="U" displayDecimal="0" default="0" hive="HKEY_LOCAL_MACHINE" key="SOFTWARE\Microsoft\Windows\CurrentVersion\Explorer\Advanced" name="ShowSyncProviderNotifications" type="REG_DWORD" value="00000000"/></Registry>
	<Registry clsid="{9CD4B2F4-923D-47f5-A062-E897DD1DAD50}" name="DisableEdgeDesktopShortcutCreation" status="DisableEdgeDesktopShortcutCreation" image="12" changed="2020-04-08 19:47:50" uid="{B70FFF85-00FF-4B15-959A-A3F63B4F6627}"><Properties action="U" displayDecimal="0" default="0" hive="HKEY_LOCAL_MACHINE" key="SOFTWARE\Microsoft\Windows\CurrentVersion\Explorer" name="DisableEdgeDesktopShortcutCreation" type="REG_DWORD" value="00000001"/></Registry>
	<Collection clsid="{53B533F5-224C-47e3-B01B-CA3B3F3FF4BF}" name="DeprovisionApps"><Registry clsid="{9CD4B2F4-923D-47f5-A062-E897DD1DAD50}" name="Deprovisioned" image="2" descr="Wizard Generated Registry Item" status="Deprovisioned"><Properties action="U" hive="HKEY_LOCAL_MACHINE" key="SOFTWARE\Microsoft\Windows\CurrentVersion\Appx\AppxAllUserStore\Deprovisioned" type="" name="" value=""/></Registry>
		<Registry clsid="{9CD4B2F4-923D-47f5-A062-E897DD1DAD50}" name="Microsoft.BingWeather_8wekyb3d8bbwe" image="2" descr="Wizard Generated Registry Item" status="Microsoft.BingWeather_8wekyb3d8bbwe"><Properties action="U" hive="HKEY_LOCAL_MACHINE" key="SOFTWARE\Microsoft\Windows\CurrentVersion\Appx\AppxAllUserStore\Deprovisioned\Microsoft.BingWeather_8wekyb3d8bbwe" type="" name="" value=""/></Registry>
		<Registry clsid="{9CD4B2F4-923D-47f5-A062-E897DD1DAD50}" name="Microsoft.GetHelp_8wekyb3d8bbwe" image="2" descr="Wizard Generated Registry Item" status="Microsoft.GetHelp_8wekyb3d8bbwe"><Properties action="U" hive="HKEY_LOCAL_MACHINE" key="SOFTWARE\Microsoft\Windows\CurrentVersion\Appx\AppxAllUserStore\Deprovisioned\Microsoft.GetHelp_8wekyb3d8bbwe" type="" name="" value=""/></Registry>
		<Registry clsid="{9CD4B2F4-923D-47f5-A062-E897DD1DAD50}" name="Microsoft.Getstarted_8wekyb3d8bbwe" image="2" descr="Wizard Generated Registry Item" status="Microsoft.Getstarted_8wekyb3d8bbwe"><Properties action="U" hive="HKEY_LOCAL_MACHINE" key="SOFTWARE\Microsoft\Windows\CurrentVersion\Appx\AppxAllUserStore\Deprovisioned\Microsoft.Getstarted_8wekyb3d8bbwe" type="" name="" value=""/></Registry>
		<Registry clsid="{9CD4B2F4-923D-47f5-A062-E897DD1DAD50}" name="Microsoft.Microsoft3DViewer_8wekyb3d8bbwe" image="2" descr="Wizard Generated Registry Item" status="Microsoft.Microsoft3DViewer_8wekyb3d8bbwe"><Properties action="U" hive="HKEY_LOCAL_MACHINE" key="SOFTWARE\Microsoft\Windows\CurrentVersion\Appx\AppxAllUserStore\Deprovisioned\Microsoft.Microsoft3DViewer_8wekyb3d8bbwe" type="" name="" value=""/></Registry>
		<Registry clsid="{9CD4B2F4-923D-47f5-A062-E897DD1DAD50}" name="Microsoft.MicrosoftOfficeHub_8wekyb3d8bbwe" image="2" descr="Wizard Generated Registry Item" status="Microsoft.MicrosoftOfficeHub_8wekyb3d8bbwe"><Properties action="U" hive="HKEY_LOCAL_MACHINE" key="SOFTWARE\Microsoft\Windows\CurrentVersion\Appx\AppxAllUserStore\Deprovisioned\Microsoft.MicrosoftOfficeHub_8wekyb3d8bbwe" type="" name="" value=""/></Registry>
		<Registry clsid="{9CD4B2F4-923D-47f5-A062-E897DD1DAD50}" name="Microsoft.MicrosoftSolitaireCollection_8wekyb3d8bbwe" image="2" descr="Wizard Generated Registry Item" status="Microsoft.MicrosoftSolitaireCollection_8wekyb3d8bbwe"><Properties action="U" hive="HKEY_LOCAL_MACHINE" key="SOFTWARE\Microsoft\Windows\CurrentVersion\Appx\AppxAllUserStore\Deprovisioned\Microsoft.MicrosoftSolitaireCollection_8wekyb3d8bbwe" type="" name="" value=""/></Registry>
		<Registry clsid="{9CD4B2F4-923D-47f5-A062-E897DD1DAD50}" name="Microsoft.Office.OneNote_8wekyb3d8bbwe" image="2" descr="Wizard Generated Registry Item" status="Microsoft.Office.OneNote_8wekyb3d8bbwe"><Properties action="U" hive="HKEY_LOCAL_MACHINE" key="SOFTWARE\Microsoft\Windows\CurrentVersion\Appx\AppxAllUserStore\Deprovisioned\Microsoft.Office.OneNote_8wekyb3d8bbwe" type="" name="" value=""/></Registry>
		<Registry clsid="{9CD4B2F4-923D-47f5-A062-E897DD1DAD50}" name="Microsoft.OneConnect_8wekyb3d8bbwe" image="2" descr="Wizard Generated Registry Item" status="Microsoft.OneConnect_8wekyb3d8bbwe"><Properties action="U" hive="HKEY_LOCAL_MACHINE" key="SOFTWARE\Microsoft\Windows\CurrentVersion\Appx\AppxAllUserStore\Deprovisioned\Microsoft.OneConnect_8wekyb3d8bbwe" type="" name="" value=""/></Registry>
		<Registry clsid="{9CD4B2F4-923D-47f5-A062-E897DD1DAD50}" name="Microsoft.People_8wekyb3d8bbwe" image="2" descr="Wizard Generated Registry Item" status="Microsoft.People_8wekyb3d8bbwe"><Properties action="U" hive="HKEY_LOCAL_MACHINE" key="SOFTWARE\Microsoft\Windows\CurrentVersion\Appx\AppxAllUserStore\Deprovisioned\Microsoft.People_8wekyb3d8bbwe" type="" name="" value=""/></Registry>
		<Registry clsid="{9CD4B2F4-923D-47f5-A062-E897DD1DAD50}" name="Microsoft.Print3D_8wekyb3d8bbwe" image="2" descr="Wizard Generated Registry Item" status="Microsoft.Print3D_8wekyb3d8bbwe"><Properties action="U" hive="HKEY_LOCAL_MACHINE" key="SOFTWARE\Microsoft\Windows\CurrentVersion\Appx\AppxAllUserStore\Deprovisioned\Microsoft.Print3D_8wekyb3d8bbwe" type="" name="" value=""/></Registry>
		<Registry clsid="{9CD4B2F4-923D-47f5-A062-E897DD1DAD50}" name="Microsoft.SkypeApp_kzf8qxf38zg5c" image="2" descr="Wizard Generated Registry Item" status="Microsoft.SkypeApp_kzf8qxf38zg5c"><Properties action="U" hive="HKEY_LOCAL_MACHINE" key="SOFTWARE\Microsoft\Windows\CurrentVersion\Appx\AppxAllUserStore\Deprovisioned\Microsoft.SkypeApp_kzf8qxf38zg5c" type="" name="" value=""/></Registry>
		<Registry clsid="{9CD4B2F4-923D-47f5-A062-E897DD1DAD50}" name="Microsoft.Wallet_8wekyb3d8bbwe" image="2" descr="Wizard Generated Registry Item" status="Microsoft.Wallet_8wekyb3d8bbwe"><Properties action="U" hive="HKEY_LOCAL_MACHINE" key="SOFTWARE\Microsoft\Windows\CurrentVersion\Appx\AppxAllUserStore\Deprovisioned\Microsoft.Wallet_8wekyb3d8bbwe" type="" name="" value=""/></Registry>
		<Registry clsid="{9CD4B2F4-923D-47f5-A062-E897DD1DAD50}" name="Microsoft.WindowsAlarms_8wekyb3d8bbwe" image="2" descr="Wizard Generated Registry Item" status="Microsoft.WindowsAlarms_8wekyb3d8bbwe"><Properties action="U" hive="HKEY_LOCAL_MACHINE" key="SOFTWARE\Microsoft\Windows\CurrentVersion\Appx\AppxAllUserStore\Deprovisioned\Microsoft.WindowsAlarms_8wekyb3d8bbwe" type="" name="" value=""/></Registry>
		<Registry clsid="{9CD4B2F4-923D-47f5-A062-E897DD1DAD50}" name="Microsoft.WindowsCamera_8wekyb3d8bbwe" image="2" descr="Wizard Generated Registry Item" status="Microsoft.WindowsCamera_8wekyb3d8bbwe"><Properties action="U" hive="HKEY_LOCAL_MACHINE" key="SOFTWARE\Microsoft\Windows\CurrentVersion\Appx\AppxAllUserStore\Deprovisioned\Microsoft.WindowsCamera_8wekyb3d8bbwe" type="" name="" value=""/></Registry>
		<Registry clsid="{9CD4B2F4-923D-47f5-A062-E897DD1DAD50}" name="microsoft.windowscommunicationsapps_8wekyb3d8bbwe" image="2" descr="Wizard Generated Registry Item" status="microsoft.windowscommunicationsapps_8wekyb3d8bbwe"><Properties action="U" hive="HKEY_LOCAL_MACHINE" key="SOFTWARE\Microsoft\Windows\CurrentVersion\Appx\AppxAllUserStore\Deprovisioned\microsoft.windowscommunicationsapps_8wekyb3d8bbwe" type="" name="" value=""/></Registry>
		<Registry clsid="{9CD4B2F4-923D-47f5-A062-E897DD1DAD50}" name="Microsoft.WindowsFeedbackHub_8wekyb3d8bbwe" image="2" descr="Wizard Generated Registry Item" status="Microsoft.WindowsFeedbackHub_8wekyb3d8bbwe"><Properties action="U" hive="HKEY_LOCAL_MACHINE" key="SOFTWARE\Microsoft\Windows\CurrentVersion\Appx\AppxAllUserStore\Deprovisioned\Microsoft.WindowsFeedbackHub_8wekyb3d8bbwe" type="" name="" value=""/></Registry>
		<Registry clsid="{9CD4B2F4-923D-47f5-A062-E897DD1DAD50}" name="Microsoft.WindowsMaps_8wekyb3d8bbwe" image="2" descr="Wizard Generated Registry Item" status="Microsoft.WindowsMaps_8wekyb3d8bbwe"><Properties action="U" hive="HKEY_LOCAL_MACHINE" key="SOFTWARE\Microsoft\Windows\CurrentVersion\Appx\AppxAllUserStore\Deprovisioned\Microsoft.WindowsMaps_8wekyb3d8bbwe" type="" name="" value=""/></Registry>
		<Registry clsid="{9CD4B2F4-923D-47f5-A062-E897DD1DAD50}" name="Microsoft.Xbox.TCUI_8wekyb3d8bbwe" image="2" descr="Wizard Generated Registry Item" status="Microsoft.Xbox.TCUI_8wekyb3d8bbwe"><Properties action="U" hive="HKEY_LOCAL_MACHINE" key="SOFTWARE\Microsoft\Windows\CurrentVersion\Appx\AppxAllUserStore\Deprovisioned\Microsoft.Xbox.TCUI_8wekyb3d8bbwe" type="" name="" value=""/></Registry>
		<Registry clsid="{9CD4B2F4-923D-47f5-A062-E897DD1DAD50}" name="Microsoft.XboxApp_8wekyb3d8bbwe" image="2" descr="Wizard Generated Registry Item" status="Microsoft.XboxApp_8wekyb3d8bbwe"><Properties action="U" hive="HKEY_LOCAL_MACHINE" key="SOFTWARE\Microsoft\Windows\CurrentVersion\Appx\AppxAllUserStore\Deprovisioned\Microsoft.XboxApp_8wekyb3d8bbwe" type="" name="" value=""/></Registry>
		<Registry clsid="{9CD4B2F4-923D-47f5-A062-E897DD1DAD50}" name="Microsoft.XboxGameOverlay_8wekyb3d8bbwe" image="2" descr="Wizard Generated Registry Item" status="Microsoft.XboxGameOverlay_8wekyb3d8bbwe"><Properties action="U" hive="HKEY_LOCAL_MACHINE" key="SOFTWARE\Microsoft\Windows\CurrentVersion\Appx\AppxAllUserStore\Deprovisioned\Microsoft.XboxGameOverlay_8wekyb3d8bbwe" type="" name="" value=""/></Registry>
		<Registry clsid="{9CD4B2F4-923D-47f5-A062-E897DD1DAD50}" name="Microsoft.XboxIdentityProvider_8wekyb3d8bbwe" image="2" descr="Wizard Generated Registry Item" status="Microsoft.XboxIdentityProvider_8wekyb3d8bbwe"><Properties action="U" hive="HKEY_LOCAL_MACHINE" key="SOFTWARE\Microsoft\Windows\CurrentVersion\Appx\AppxAllUserStore\Deprovisioned\Microsoft.XboxIdentityProvider_8wekyb3d8bbwe" type="" name="" value=""/></Registry>
		<Registry clsid="{9CD4B2F4-923D-47f5-A062-E897DD1DAD50}" name="Microsoft.XboxSpeechToTextOverlay_8wekyb3d8bbwe" image="2" descr="Wizard Generated Registry Item" status="Microsoft.XboxSpeechToTextOverlay_8wekyb3d8bbwe"><Properties action="U" hive="HKEY_LOCAL_MACHINE" key="SOFTWARE\Microsoft\Windows\CurrentVersion\Appx\AppxAllUserStore\Deprovisioned\Microsoft.XboxSpeechToTextOverlay_8wekyb3d8bbwe" type="" name="" value=""/></Registry>
		<Registry clsid="{9CD4B2F4-923D-47f5-A062-E897DD1DAD50}" name="Microsoft.ZuneMusic_8wekyb3d8bbwe" image="2" descr="Wizard Generated Registry Item" status="Microsoft.ZuneMusic_8wekyb3d8bbwe"><Properties action="U" hive="HKEY_LOCAL_MACHINE" key="SOFTWARE\Microsoft\Windows\CurrentVersion\Appx\AppxAllUserStore\Deprovisioned\Microsoft.ZuneMusic_8wekyb3d8bbwe" type="" name="" value=""/></Registry>
		<Registry clsid="{9CD4B2F4-923D-47f5-A062-E897DD1DAD50}" name="Microsoft.ZuneVideo_8wekyb3d8bbwe" image="2" descr="Wizard Generated Registry Item" status="Microsoft.ZuneVideo_8wekyb3d8bbwe"><Properties action="U" hive="HKEY_LOCAL_MACHINE" key="SOFTWARE\Microsoft\Windows\CurrentVersion\Appx\AppxAllUserStore\Deprovisioned\Microsoft.ZuneVideo_8wekyb3d8bbwe" type="" name="" value=""/></Registry>
	</Collection>
</RegistrySettings>
