<?xml version="1.0" encoding="utf-8"?>
<FolderOptions clsid="{8AB5F5D7-F676-48ab-A94E-1186E120EFDC}"><OpenWith clsid="{100B9C09-906A-4f5a-9C41-1BD98B6CA022}" name="HTA" userContext="1" image="2" changed="2020-12-11 20:35:18" uid="{3B0E7042-C91D-4F51-89AD-85ED00D4A3C4}"><Properties action="U" fileExtension="HTA" applicationPath="notepad.exe" default="1"/></OpenWith>
	<OpenWith clsid="{100B9C09-906A-4f5a-9C41-1BD98B6CA022}" name="JS" userContext="1" image="2" changed="2020-12-11 20:47:15" uid="{E659648D-3B3B-4763-B877-8695CE41C744}"><Properties action="U" fileExtension="JS" applicationPath="notepad.exe" default="1"/></OpenWith>
	<OpenWith clsid="{100B9C09-906A-4f5a-9C41-1BD98B6CA022}" name="JSE" userContext="1" image="2" changed="2020-12-11 20:47:18" uid="{69119E40-718D-4520-8746-2945090A1B7C}"><Properties action="U" fileExtension="JSE" applicationPath="notepad.exe" default="1"/></OpenWith>
	<OpenWith clsid="{100B9C09-906A-4f5a-9C41-1BD98B6CA022}" name="WSF" userContext="1" image="2" changed="2020-12-11 20:47:21" uid="{F0EC26ED-9D84-460B-AABF-BAE40D47F42A}"><Properties action="U" fileExtension="WSF" applicationPath="notepad.exe" default="1"/></OpenWith>
	<OpenWith clsid="{100B9C09-906A-4f5a-9C41-1BD98B6CA022}" name="WSH" userContext="1" image="2" changed="2020-12-11 20:47:24" uid="{9D3F02B8-7C8B-4E46-BF03-724E0460B36B}"><Properties action="U" fileExtension="WSH" applicationPath="notepad.exe" default="1"/></OpenWith>
</FolderOptions>
