<BackupInst xmlns="http://www.microsoft.com/GroupPolicy/GPOOperations/Manifest"><GPOGuid><![CDATA[{255E786C-25E4-478A-B045-2062ABE9C19E}]]></GPOGuid><GPODomain><![CDATA[COMPASSMSP.com]]></GPODomain><GPODomainGuid><![CDATA[{ef9e6cad-1cd1-445c-b010-b7d42429e993}]]></GPODomainGuid><GPODomainController><![CDATA[C-M1-DC3.COMPASSMSP.com]]></GPODomainController><BackupTime><![CDATA[2020-06-30T18:54:39]]></BackupTime><ID><![CDATA[{43848B32-204E-4374-BC45-0761DFEBF7C9}]]></ID><Comment><![CDATA[]]></Comment><GPODisplayName><![CDATA[Outlook Unlimited Search Results]]></GPODisplayName></BackupInst>
