<Backups xmlns="http://www.microsoft.com/GroupPolicy/GPOOperations/Manifest" xmlns:mfst="http://www.microsoft.com/GroupPolicy/GPOOperations/Manifest" mfst:version="1.0"><BackupInst><GPOGuid><![CDATA[{2FC5EA10-32E9-4DF5-9F2D-40B3C9594089}]]></GPOGuid><GPODomain><![CDATA[domain.com]]></GPODomain><GPODomainGuid><![CDATA[{ef9e6cad-1cd1-445c-b010-b7d42429e993}]]></GPODomainGuid><GPODomainController><![CDATA[server.domain.com]]></GPODomainController><BackupTime><![CDATA[2021-04-14T13:10:19]]></BackupTime><ID><![CDATA[{C45042AE-D891-4180-82C5-A01B2007405E}]]></ID><Comment><![CDATA[]]></Comment><GPODisplayName><![CDATA[Windows UI Security]]></GPODisplayName></BackupInst></Backups>