<BackupInst xmlns="http://www.microsoft.com/GroupPolicy/GPOOperations/Manifest"><GPOGuid><![CDATA[{F2FE2988-9F31-4033-9BE4-4896495437A4}]]></GPOGuid><GPODomain><![CDATA[HamiltonMiller.com]]></GPODomain><GPODomainGuid><![CDATA[{620f73a3-1f40-467a-9b1b-a4f8cef68cc0}]]></GPODomainGuid><GPODomainController><![CDATA[HMB-DC02.HamiltonMiller.com]]></GPODomainController><BackupTime><![CDATA[2023-10-03T10:19:53]]></BackupTime><ID><![CDATA[{2E26D8BC-1C6A-49FF-A630-E42DA3E2F93B}]]></ID><Comment><![CDATA[]]></Comment><GPODisplayName><![CDATA[AVD-AppLocker]]></GPODisplayName></BackupInst>
