<Backups xmlns="http://www.microsoft.com/GroupPolicy/GPOOperations/Manifest" xmlns:mfst="http://www.microsoft.com/GroupPolicy/GPOOperations/Manifest" mfst:version="1.0"><BackupInst><GPOGuid><![CDATA[{B807D21B-003D-4E72-B379-9AC43802C6CA}]]></GPOGuid><GPODomain><![CDATA[wdigitech.com]]></GPODomain><GPODomainGuid><![CDATA[{71123f8a-b1ea-40fd-9076-40623773fa74}]]></GPODomainGuid><GPODomainController><![CDATA[WD-Server1.wdigitech.com]]></GPODomainController><BackupTime><![CDATA[2018-01-16T21:17:02]]></BackupTime><ID><![CDATA[{ADFCD231-2FF1-4FD4-94C1-11A21019406D}]]></ID><Comment><![CDATA[]]></Comment><GPODisplayName><![CDATA[Default UAC settings]]></GPODisplayName></BackupInst></Backups>