<BackupInst xmlns="http://www.microsoft.com/GroupPolicy/GPOOperations/Manifest"><GPOGuid><![CDATA[{77EA23E4-B8BC-4627-B9B3-D66BE198F563}]]></GPOGuid><GPODomain><![CDATA[HamiltonMiller.com]]></GPODomain><GPODomainGuid><![CDATA[{620f73a3-1f40-467a-9b1b-a4f8cef68cc0}]]></GPODomainGuid><GPODomainController><![CDATA[HMB-DC02.HamiltonMiller.com]]></GPODomainController><BackupTime><![CDATA[2023-10-03T10:21:01]]></BackupTime><ID><![CDATA[{DA25F1BC-B43C-459F-95CC-7EBA687EADCD}]]></ID><Comment><![CDATA[]]></Comment><GPODisplayName><![CDATA[AVD-FsLogix]]></GPODisplayName></BackupInst>
