<Backups xmlns="http://www.microsoft.com/GroupPolicy/GPOOperations/Manifest" xmlns:mfst="http://www.microsoft.com/GroupPolicy/GPOOperations/Manifest" mfst:version="1.0"><BackupInst><GPOGuid><![CDATA[{DA286C73-CC8D-4C5B-97F9-51D9BB0511B7}]]></GPOGuid><GPODomain><![CDATA[domain.com]]></GPODomain><GPODomainGuid><![CDATA[{bc5325db-740b-49cd-8c45-a2e984f337a1}]]></GPODomainGuid><GPODomainController><![CDATA[server.domain.com]]></GPODomainController><BackupTime><![CDATA[2020-12-17T19:30:56]]></BackupTime><ID><![CDATA[{AF49A3E3-47F4-4758-99EC-ABB0DDDEFBD1}]]></ID><Comment><![CDATA[]]></Comment><GPODisplayName><![CDATA[Powershell Remote Enable]]></GPODisplayName></BackupInst></Backups>