<Backups xmlns="http://www.microsoft.com/GroupPolicy/GPOOperations/Manifest" xmlns:mfst="http://www.microsoft.com/GroupPolicy/GPOOperations/Manifest" mfst:version="1.0"><BackupInst><GPOGuid><![CDATA[{7E340DC2-3B6D-4BC2-96E3-F525DB6737BE}]]></GPOGuid><GPODomain><![CDATA[COMPASSMSP.com]]></GPODomain><GPODomainGuid><![CDATA[{ef9e6cad-1cd1-445c-b010-b7d42429e993}]]></GPODomainGuid><GPODomainController><![CDATA[C-M1-DC3.COMPASSMSP.com]]></GPODomainController><BackupTime><![CDATA[2020-06-30T18:55:06]]></BackupTime><ID><![CDATA[{D58D1AF4-8B20-4C7E-B668-716FAB69176C}]]></ID><Comment><![CDATA[]]></Comment><GPODisplayName><![CDATA[Powershell Remote Enable]]></GPODisplayName></BackupInst></Backups>