<Backups xmlns="http://www.microsoft.com/GroupPolicy/GPOOperations/Manifest" xmlns:mfst="http://www.microsoft.com/GroupPolicy/GPOOperations/Manifest" mfst:version="1.0"><BackupInst><GPOGuid><![CDATA[{48AE040C-1358-4FF7-8172-656BAE45E1D7}]]></GPOGuid><GPODomain><![CDATA[domain.com]]></GPODomain><GPODomainGuid><![CDATA[{ed70218f-b361-47cd-9592-0d34524f3fdd}]]></GPODomainGuid><GPODomainController><![CDATA[server.domain.com]]></GPODomainController><BackupTime><![CDATA[2020-09-02T18:39:09]]></BackupTime><ID><![CDATA[{8F6A8DC2-EF7C-4E29-AFCF-4434C7BEE045}]]></ID><Comment><![CDATA[]]></Comment><GPODisplayName><![CDATA[Powershell Remote Enable]]></GPODisplayName></BackupInst></Backups>