<Backups xmlns="http://www.microsoft.com/GroupPolicy/GPOOperations/Manifest" xmlns:mfst="http://www.microsoft.com/GroupPolicy/GPOOperations/Manifest" mfst:version="1.0"><BackupInst><GPOGuid><![CDATA[{7E340DC2-3B6D-4BC2-96E3-F525DB6737BE}]]></GPOGuid><GPODomain><![CDATA[domain.com]]></GPODomain><GPODomainGuid><![CDATA[{ef9e6cad-1cd1-445c-b010-b7d42429e993}]]></GPODomainGuid><GPODomainController><![CDATA[server.domain.com]]></GPODomainController><BackupTime><![CDATA[2021-04-30T18:53:02]]></BackupTime><ID><![CDATA[{FCF336C3-C235-4209-9A56-2DF0F64092D9}]]></ID><Comment><![CDATA[]]></Comment><GPODisplayName><![CDATA[PowerShell Remote Enable]]></GPODisplayName></BackupInst></Backups>