<BackupInst xmlns="http://www.microsoft.com/GroupPolicy/GPOOperations/Manifest"><GPOGuid><![CDATA[{386F09BF-8634-4A65-A33D-7C37199A0E9A}]]></GPOGuid><GPODomain><![CDATA[domain.com]]></GPODomain><GPODomainGuid><![CDATA[{ef9e6cad-1cd1-445c-b010-b7d42429e993}]]></GPODomainGuid><GPODomainController><![CDATA[server.domain.com]]></GPODomainController><BackupTime><![CDATA[2021-04-29T16:37:08]]></BackupTime><ID><![CDATA[{10A3A543-E72D-4578-BAEC-6B297918E693}]]></ID><Comment><![CDATA[]]></Comment><GPODisplayName><![CDATA[Firewall - WDS]]></GPODisplayName></BackupInst>
