<BackupInst xmlns="http://www.microsoft.com/GroupPolicy/GPOOperations/Manifest"><GPOGuid><![CDATA[{D47006C4-A764-4D72-8CC2-69FD1FB3A09C}]]></GPOGuid><GPODomain><![CDATA[domain.com]]></GPODomain><GPODomainGuid><![CDATA[{ed70218f-b361-47cd-9592-0d34524f3fdd}]]></GPODomainGuid><GPODomainController><![CDATA[server.domain.com]]></GPODomainController><BackupTime><![CDATA[2021-02-02T15:34:16]]></BackupTime><ID><![CDATA[{945948C1-B23A-4558-BFBB-DC95DC0C9BD4}]]></ID><Comment><![CDATA[]]></Comment><GPODisplayName><![CDATA[SMB1 Disable]]></GPODisplayName></BackupInst>
