<Backups xmlns="http://www.microsoft.com/GroupPolicy/GPOOperations/Manifest" xmlns:mfst="http://www.microsoft.com/GroupPolicy/GPOOperations/Manifest" mfst:version="1.0"><BackupInst><GPOGuid><![CDATA[{B69E3785-5AE5-4B39-B893-27D54A4FE439}]]></GPOGuid><GPODomain><![CDATA[domain.com]]></GPODomain><GPODomainGuid><![CDATA[{ed70218f-b361-47cd-9592-0d34524f3fdd}]]></GPODomainGuid><GPODomainController><![CDATA[server.domain.com]]></GPODomainController><BackupTime><![CDATA[2020-09-02T18:50:31]]></BackupTime><ID><![CDATA[{0CE3363A-EA24-44B5-B06B-70E25016F123}]]></ID><Comment><![CDATA[]]></Comment><GPODisplayName><![CDATA[Built-in Local Accounts Disable]]></GPODisplayName></BackupInst></Backups>