<BackupInst xmlns="http://www.microsoft.com/GroupPolicy/GPOOperations/Manifest"><GPOGuid><![CDATA[{00C7432D-ED34-42D9-B5DC-DA28CA00542C}]]></GPOGuid><GPODomain><![CDATA[HamiltonMiller.com]]></GPODomain><GPODomainGuid><![CDATA[{620f73a3-1f40-467a-9b1b-a4f8cef68cc0}]]></GPODomainGuid><GPODomainController><![CDATA[HMB-DC02.HamiltonMiller.com]]></GPODomainController><BackupTime><![CDATA[2023-10-03T10:21:02]]></BackupTime><ID><![CDATA[{2B7849EA-2489-4AFF-8B12-C057B3E3F3F4}]]></ID><Comment><![CDATA[]]></Comment><GPODisplayName><![CDATA[AVD-Teams Optimized]]></GPODisplayName></BackupInst>
