<Backups xmlns="http://www.microsoft.com/GroupPolicy/GPOOperations/Manifest" xmlns:mfst="http://www.microsoft.com/GroupPolicy/GPOOperations/Manifest" mfst:version="1.0"><BackupInst><GPOGuid><![CDATA[{23869141-05B3-407D-BC52-41B5D20EFE72}]]></GPOGuid><GPODomain><![CDATA[domain.com]]></GPODomain><GPODomainGuid><![CDATA[{71123f8a-b1ea-40fd-9076-40623773fa74}]]></GPODomainGuid><GPODomainController><![CDATA[server.domain.com]]></GPODomainController><BackupTime><![CDATA[2020-09-01T20:46:26]]></BackupTime><ID><![CDATA[{33E8E841-C4CC-4A2D-931D-7270B6274639}]]></ID><Comment><![CDATA[]]></Comment><GPODisplayName><![CDATA[SMB Signing]]></GPODisplayName></BackupInst></Backups>