<?xml version="1.0" encoding="utf-8"?>
<RegistrySettings clsid="{A3CCFC41-DFDB-43a5-8D26-0FE8B954DA51}"><Registry clsid="{9CD4B2F4-923D-47f5-A062-E897DD1DAD50}" name="MaxSize" status="MaxSize" image="11" changed="2021-06-30 18:02:25" uid="{6307F03D-26BE-4A3C-82F6-5B4F95389306}"><Properties action="R" displayDecimal="1" default="0" hive="HKEY_LOCAL_MACHINE" key="Software\Microsoft\Windows\CurrentVersion\WINEVT\Channels\Microsoft-Windows-PowerShell/Operational" name="MaxSize" type="REG_DWORD" value="1E850000"/></Registry>
	<Registry clsid="{9CD4B2F4-923D-47f5-A062-E897DD1DAD50}" name="MaxSize" status="MaxSize" image="11" changed="2021-06-30 18:02:28" uid="{71082A1E-06CE-446D-B3B8-E76D1CF69A5E}"><Properties action="R" displayDecimal="1" default="0" hive="HKEY_LOCAL_MACHINE" key="SYSTEM\CurrentControlSet\Services\EventLog\Windows PowerShell" name="MaxSize" type="REG_DWORD" value="1E850000"/></Registry>
	<Registry clsid="{9CD4B2F4-923D-47f5-A062-E897DD1DAD50}" name="MaxSize" status="MaxSize" image="11" changed="2021-06-30 18:02:31" uid="{71FEB820-6B4A-495A-BB5B-1C315DB4EED8}"><Properties action="R" displayDecimal="1" default="0" hive="HKEY_LOCAL_MACHINE" key="SOFTWARE\Microsoft\Windows\CurrentVersion\WINEVT\Channels\PowerShellCore/Operational" name="MaxSize" type="REG_DWORD" value="1E850000"/></Registry>
	<Registry clsid="{9CD4B2F4-923D-47f5-A062-E897DD1DAD50}" name="MaxSize" status="MaxSize" image="11" changed="2021-06-30 18:02:36" uid="{5B8A1130-73DA-42F7-B95B-54E5A6A41EEF}"><Properties action="R" displayDecimal="1" default="0" hive="HKEY_LOCAL_MACHINE" key="SOFTWARE\Microsoft\Windows\CurrentVersion\WINEVT\Channels\Microsoft-Windows-WinRM/Operational" name="MaxSize" type="REG_DWORD" value="1E850000"/></Registry>
	<Registry clsid="{9CD4B2F4-923D-47f5-A062-E897DD1DAD50}" name="MaxSize" status="MaxSize" image="11" changed="2021-06-30 18:02:40" uid="{27364809-EFAC-463A-91ED-90C0EE753FBC}"><Properties action="R" displayDecimal="1" default="0" hive="HKEY_LOCAL_MACHINE" key="SOFTWARE\Microsoft\Windows\CurrentVersion\WINEVT\Channels\Microsoft-Windows-TerminalServices-LocalSessionManager/Admin" name="MaxSize" type="REG_DWORD" value="3EBF0000"/></Registry>
	<Registry clsid="{9CD4B2F4-923D-47f5-A062-E897DD1DAD50}" name="MaxSize" status="MaxSize" image="11" changed="2021-06-30 18:02:45" uid="{8AD9AEB2-ABCA-47AF-9C0A-12009ECD29C3}"><Properties action="R" displayDecimal="1" default="0" hive="HKEY_LOCAL_MACHINE" key="SOFTWARE\Microsoft\Windows\CurrentVersion\WINEVT\Channels\Microsoft-Windows-TerminalServices-LocalSessionManager/Operational" name="MaxSize" type="REG_DWORD" value="3EBF0000"/></Registry>
	<Registry clsid="{9CD4B2F4-923D-47f5-A062-E897DD1DAD50}" name="MaxSize" status="MaxSize" image="11" changed="2021-06-30 18:02:48" uid="{01F1FDC9-25CF-4089-BE47-368EAEA1B402}"><Properties action="R" displayDecimal="1" default="0" hive="HKEY_LOCAL_MACHINE" key="SOFTWARE\Microsoft\Windows\CurrentVersion\WINEVT\Channels\Microsoft-Windows-TerminalServices-RemoteConnectionManager/Admin" name="MaxSize" type="REG_DWORD" value="3EBF0000"/></Registry>
	<Registry clsid="{9CD4B2F4-923D-47f5-A062-E897DD1DAD50}" name="MaxSize" status="MaxSize" image="11" changed="2021-06-30 18:02:51" uid="{94695DD8-76B9-4A54-902E-27635E47FDB3}"><Properties action="R" displayDecimal="1" default="0" hive="HKEY_LOCAL_MACHINE" key="SOFTWARE\Microsoft\Windows\CurrentVersion\WINEVT\Channels\Microsoft-Windows-TerminalServices-RemoteConnectionManager/Operational" name="MaxSize" type="REG_DWORD" value="3EBF0000"/></Registry>
	<Registry clsid="{9CD4B2F4-923D-47f5-A062-E897DD1DAD50}" name="Enabled" status="Enabled" image="11" changed="2021-06-30 18:02:07" uid="{C0C0E125-634A-4814-A2E6-3A39BA453D52}"><Properties action="R" displayDecimal="0" default="0" hive="HKEY_LOCAL_MACHINE" key="SOFTWARE\Microsoft\Windows\CurrentVersion\WINEVT\Channels\Microsoft-Windows-PrintService/Operational" name="Enabled" type="REG_DWORD" value="00000001"/></Registry>
	<Registry clsid="{9CD4B2F4-923D-47f5-A062-E897DD1DAD50}" name="MaxSize" status="MaxSize" image="11" changed="2021-06-30 18:02:03" uid="{32BE7674-BC7D-4AF8-857C-041397AFDB0C}"><Properties action="R" displayDecimal="0" default="0" hive="HKEY_LOCAL_MACHINE" key="SOFTWARE\Microsoft\Windows\CurrentVersion\WINEVT\Channels\Microsoft-Windows-PrintService/Operational" name="MaxSize" type="REG_DWORD" value="061B0000"/></Registry>
</RegistrySettings>
