<Backups xmlns="http://www.microsoft.com/GroupPolicy/GPOOperations/Manifest" xmlns:mfst="http://www.microsoft.com/GroupPolicy/GPOOperations/Manifest" mfst:version="1.0"><BackupInst><GPOGuid><![CDATA[{EDDC0891-D45A-4D6E-98F4-2321A981631A}]]></GPOGuid><GPODomain><![CDATA[COMPASSMSP.com]]></GPODomain><GPODomainGuid><![CDATA[{ef9e6cad-1cd1-445c-b010-b7d42429e993}]]></GPODomainGuid><GPODomainController><![CDATA[C-M1-DC3.COMPASSMSP.com]]></GPODomainController><BackupTime><![CDATA[2020-06-30T18:55:37]]></BackupTime><ID><![CDATA[{FB8CBDF3-A4CB-4610-BE5C-B9BE79B16FF3}]]></ID><Comment><![CDATA[]]></Comment><GPODisplayName><![CDATA[Reapply GPO Policies]]></GPODisplayName></BackupInst></Backups>