<Backups xmlns="http://www.microsoft.com/GroupPolicy/GPOOperations/Manifest" xmlns:mfst="http://www.microsoft.com/GroupPolicy/GPOOperations/Manifest" mfst:version="1.0"><BackupInst><GPOGuid><![CDATA[{EDDC0891-D45A-4D6E-98F4-2321A981631A}]]></GPOGuid><GPODomain><![CDATA[domain.com]]></GPODomain><GPODomainGuid><![CDATA[{ef9e6cad-1cd1-445c-b010-b7d42429e993}]]></GPODomainGuid><GPODomainController><![CDATA[server.domain.com]]></GPODomainController><BackupTime><![CDATA[2021-06-16T20:07:40]]></BackupTime><ID><![CDATA[{C529A155-44C0-4F05-9A0E-6FC4B23F1690}]]></ID><Comment><![CDATA[]]></Comment><GPODisplayName><![CDATA[Reapply GPO Policies]]></GPODisplayName></BackupInst></Backups>