<BackupInst xmlns="http://www.microsoft.com/GroupPolicy/GPOOperations/Manifest"><GPOGuid><![CDATA[{52D7B1E8-2F81-4D14-BD1B-14B4E293CE62}]]></GPOGuid><GPODomain><![CDATA[COMPASSMSP.com]]></GPODomain><GPODomainGuid><![CDATA[{ef9e6cad-1cd1-445c-b010-b7d42429e993}]]></GPODomainGuid><GPODomainController><![CDATA[C-M1-DC3.COMPASSMSP.com]]></GPODomainController><BackupTime><![CDATA[2020-06-30T18:50:11]]></BackupTime><ID><![CDATA[{C167712C-EBB6-4B19-BEA4-39690B20A657}]]></ID><Comment><![CDATA[]]></Comment><GPODisplayName><![CDATA[Audit Policy - Servers Workstations]]></GPODisplayName></BackupInst>
