<Backups xmlns="http://www.microsoft.com/GroupPolicy/GPOOperations/Manifest" xmlns:mfst="http://www.microsoft.com/GroupPolicy/GPOOperations/Manifest" mfst:version="1.0"><BackupInst><GPOGuid><![CDATA[{56D0CBC3-D77C-49CE-A616-6CEFD4C0DFC0}]]></GPOGuid><GPODomain><![CDATA[bui.wd]]></GPODomain><GPODomainGuid><![CDATA[{ed70218f-b361-47cd-9592-0d34524f3fdd}]]></GPODomainGuid><GPODomainController><![CDATA[server.domain.com]]></GPODomainController><BackupTime><![CDATA[2020-09-09T14:06:14]]></BackupTime><ID><![CDATA[{566955C6-30CE-4372-93E8-B603C6C21613}]]></ID><Comment><![CDATA[]]></Comment><GPODisplayName><![CDATA[AppLocker Servers]]></GPODisplayName></BackupInst></Backups>