<Backups xmlns="http://www.microsoft.com/GroupPolicy/GPOOperations/Manifest" xmlns:mfst="http://www.microsoft.com/GroupPolicy/GPOOperations/Manifest" mfst:version="1.0"><BackupInst><GPOGuid><![CDATA[{27FD5EE0-D6BD-43E4-894E-077D66CE6823}]]></GPOGuid><GPODomain><![CDATA[domain.com]]></GPODomain><GPODomainGuid><![CDATA[{ef9e6cad-1cd1-445c-b010-b7d42429e993}]]></GPODomainGuid><GPODomainController><![CDATA[server.domain.com]]></GPODomainController><BackupTime><![CDATA[2021-03-15T13:08:45]]></BackupTime><ID><![CDATA[{87309EE4-7CE4-43BC-B04F-6577D4E9E237}]]></ID><Comment><![CDATA[]]></Comment><GPODisplayName><![CDATA[SSL Weak Ciphers Disable - Breaks Win 7]]></GPODisplayName></BackupInst></Backups>