<Backups xmlns="http://www.microsoft.com/GroupPolicy/GPOOperations/Manifest" xmlns:mfst="http://www.microsoft.com/GroupPolicy/GPOOperations/Manifest" mfst:version="1.0"><BackupInst><GPOGuid><![CDATA[{6E3A18BC-CC7B-4EA5-80F5-9077CDCD9A5C}]]></GPOGuid><GPODomain><![CDATA[COMPASSMSP.com]]></GPODomain><GPODomainGuid><![CDATA[{ef9e6cad-1cd1-445c-b010-b7d42429e993}]]></GPODomainGuid><GPODomainController><![CDATA[C-M1-DC3.COMPASSMSP.com]]></GPODomainController><BackupTime><![CDATA[2020-06-30T18:56:20]]></BackupTime><ID><![CDATA[{4230754E-F993-4136-9CD1-45F8038219E6}]]></ID><Comment><![CDATA[]]></Comment><GPODisplayName><![CDATA[UPD Delete Firewall Rules on Exit]]></GPODisplayName></BackupInst></Backups>