<Backups xmlns="http://www.microsoft.com/GroupPolicy/GPOOperations/Manifest" xmlns:mfst="http://www.microsoft.com/GroupPolicy/GPOOperations/Manifest" mfst:version="1.0"><BackupInst><GPOGuid><![CDATA[{47F6E9E9-AA05-448C-88C9-69CB8F6304D9}]]></GPOGuid><GPODomain><![CDATA[domain.com]]></GPODomain><GPODomainGuid><![CDATA[{71123f8a-b1ea-40fd-9076-40623773fa74}]]></GPODomainGuid><GPODomainController><![CDATA[WD-DC04.domain.com]]></GPODomainController><BackupTime><![CDATA[2020-08-20T19:37:35]]></BackupTime><ID><![CDATA[{5B16CCB5-84FC-4BA1-853F-277156431EF7}]]></ID><Comment><![CDATA[]]></Comment><GPODisplayName><![CDATA[Firewall Domain Controllers]]></GPODisplayName></BackupInst></Backups>