<Backups xmlns="http://www.microsoft.com/GroupPolicy/GPOOperations/Manifest" xmlns:mfst="http://www.microsoft.com/GroupPolicy/GPOOperations/Manifest" mfst:version="1.0"><BackupInst><GPOGuid><![CDATA[{20AB7E6B-BA70-413D-8C50-B867A75B1054}]]></GPOGuid><GPODomain><![CDATA[domain.com]]></GPODomain><GPODomainGuid><![CDATA[{bc5325db-740b-49cd-8c45-a2e984f337a1}]]></GPODomainGuid><GPODomainController><![CDATA[server.domain.com]]></GPODomainController><BackupTime><![CDATA[2020-10-27T20:28:19]]></BackupTime><ID><![CDATA[{00164E10-EBEA-4CF8-A368-638FDFF9D005}]]></ID><Comment><![CDATA[]]></Comment><GPODisplayName><![CDATA[Firewall Domain Controllers]]></GPODisplayName></BackupInst></Backups>