<Configuration ID="6d02ab14-2f81-499f-a49d-a5f90583336b">
  <Add OfficeClientEdition="64" Channel="Current" MigrateArch="TRUE">
    <Product ID="O365BusinessRetail">
      <Language ID="en-us" />
      <Language ID="MatchPreviousMSI" />
      <ExcludeApp ID="Groove" />
      <ExcludeApp ID="Lync" />
      <ExcludeApp ID="OneDrive" />
      <ExcludeApp ID="Teams" />
    </Product>
  </Add>
  <Property Name="SharedComputerLicensing" Value="1" />
  <Property Name="SCLCacheOverride" Value="1" />
  <Property Name="AUTOACTIVATE" Value="0" />
  <Property Name="FORCEAPPSHUTDOWN" Value="FALSE" />
  <Property Name="DeviceBasedLicensing" Value="0" />
  <Updates Enabled="TRUE" />
  <RemoveMSI />
  <AppSettings>
    <User Key="software\microsoft\office\16.0\common\sharepointintegration" Name="hidelearnmorelink" Value="1" Type="REG_DWORD" App="office16" Id="L_HideTheLearnMoreAboutSharePointHyperlink" />
    <User Key="software\microsoft\office\16.0\common" Name="disabledocumentchat" Value="0" Type="REG_DWORD" App="office16" Id="L_DocumentChat" />
    <User Key="software\microsoft\office\16.0\common\toolbars" Name="customuiroaming" Value="1" Type="REG_DWORD" App="office16" Id="L_AllowRoamingQuickAccessToolBarRibbonCustomizations" />
    <User Key="software\microsoft\office\16.0\sharepointtracking" Name="automaticdiscovery" Value="On" Type="REG_SZ" App="office16" Id="L_AutomaticDiscovery" />
    <User Key="software\microsoft\office\16.0\common\general" Name="shownfirstrunoptin" Value="1" Type="REG_DWORD" App="office16" Id="L_DisableOptinWizard" />
    <User Key="software\microsoft\office\16.0\common" Name="qmenable" Value="0" Type="REG_DWORD" App="office16" Id="L_EnableCustomerExperienceImprovementProgram" />
    <User Key="software\microsoft\office\16.0\common\graphics" Name="disablehardwareacceleration" Value="1" Type="REG_DWORD" App="office16" Id="L_DoNotUseHardwareAcceleration" />
    <User Key="software\microsoft\office\16.0\firstrun" Name="disablemovie" Value="1" Type="REG_DWORD" App="office16" Id="L_DisableMovie" />
    <User Key="software\microsoft\office\16.0\firstrun" Name="bootedrtm" Value="1" Type="REG_DWORD" App="office16" Id="L_DisableOfficeFirstrun" />
  </AppSettings>
  <Display Level="NONE" AcceptEULA="TRUE" />
</Configuration>