<Configuration>
    <Add OfficeClientEdition="64" Channel="PerpetualVL2019" AllowCdnFallback="TRUE" ForceUpgrade="TRUE">
        <Product ID="ProPlus2019Volume" PIDKEY="7Y6VN-XT8JM-TVX88-7RW6T-H8TT3">
            <Language ID="en-us"/>
            <ExcludeApp ID="Groove"/>
            <ExcludeApp ID="Lync"/>
            <ExcludeApp ID="OneNote"/>
        </Product>
        <Product ID="ProjectPro2019Volume" PIDKEY="FNTJ4-BGR88-F676M-PRJKQ-VXP42">
            <Language ID="en-us"/>
        </Product>
        <Product ID="VisioPro2019Volume" PIDKEY="2GF27-NB9RM-QD7J8-H3M9T-P7MDP">
            <Language ID="en-us"/>
        </Product>
    </Add>
    <Display Level="Full" AcceptEULA="TRUE"/>
    <Property Name="AUTOACTIVATE" Value="1"/>
    <Property Name="FORCEAPPSHUTDOWN" Value="TRUE"/>
    <Property Name="SharedComputerLicensing" Value="0"/>
    <Property Name="PinIconsToTaskbar" Value="TRUE"/>
    <Updates Enabled="TRUE" />
    <Property Name="SCLCacheOverride" Value="0"/>
    <RemoveMSI All="TRUE"/>
</Configuration>