<Backups xmlns="http://www.microsoft.com/GroupPolicy/GPOOperations/Manifest" xmlns:mfst="http://www.microsoft.com/GroupPolicy/GPOOperations/Manifest" mfst:version="1.0"><BackupInst><GPOGuid><![CDATA[{EF355928-DFBA-4898-B052-B9B3AECCE772}]]></GPOGuid><GPODomain><![CDATA[COMPASSMSP.com]]></GPODomain><GPODomainGuid><![CDATA[{ef9e6cad-1cd1-445c-b010-b7d42429e993}]]></GPODomainGuid><GPODomainController><![CDATA[C-M1-DC3.COMPASSMSP.com]]></GPODomainController><BackupTime><![CDATA[2020-06-30T18:51:39]]></BackupTime><ID><![CDATA[{CE23DCE8-0F2B-43AA-84F4-B4AC958DF7B6}]]></ID><Comment><![CDATA[]]></Comment><GPODisplayName><![CDATA[FeedSync Disable]]></GPODisplayName></BackupInst></Backups>