<?xml version="1.0" encoding="utf-8"?>
<RegistrySettings clsid="{A3CCFC41-DFDB-43a5-8D26-0FE8B954DA51}"><Registry clsid="{9CD4B2F4-923D-47f5-A062-E897DD1DAD50}" name="VisualFXSetting" status="VisualFXSetting" image="12" changed="2018-08-15 12:40:09" uid="{1A44B1E5-4EB1-4800-8807-E93F21460BCF}" bypassErrors="1"><Properties action="U" displayDecimal="0" default="0" hive="HKEY_CURRENT_USER" key="Software\Microsoft\Windows\CurrentVersion\Explorer\VisualEffects" name="VisualFXSetting" type="REG_DWORD" value="00000003"/></Registry>
	<Registry clsid="{9CD4B2F4-923D-47f5-A062-E897DD1DAD50}" name="UserPreferencesMask" descr="Wizard Generated Registry Item" image="17"><Properties action="U" hive="HKEY_CURRENT_USER" key="Control Panel\Desktop" name="UserPreferencesMask" default="0" type="REG_BINARY" displayDecimal="0" value="9000038010000000"/></Registry>
	<Registry clsid="{9CD4B2F4-923D-47f5-A062-E897DD1DAD50}" name="FontSmoothing" status="FontSmoothing" image="7" changed="2018-08-15 12:54:29" uid="{99C38981-4191-4D9E-8E21-71CE1E99B8B2}"><Properties action="U" displayDecimal="0" default="0" hive="HKEY_CURRENT_USER" key="Control Panel\Desktop" name="FontSmoothing" type="REG_SZ" value="2"/></Registry>
</RegistrySettings>
