<BackupInst xmlns="http://www.microsoft.com/GroupPolicy/GPOOperations/Manifest"><GPOGuid><![CDATA[{4EA2BA31-61BF-4A96-97DF-ED84C8CD8380}]]></GPOGuid><GPODomain><![CDATA[COMPASSMSP.com]]></GPODomain><GPODomainGuid><![CDATA[{ef9e6cad-1cd1-445c-b010-b7d42429e993}]]></GPODomainGuid><GPODomainController><![CDATA[C-M1-DC3.COMPASSMSP.com]]></GPODomainController><BackupTime><![CDATA[2020-06-30T18:54:28]]></BackupTime><ID><![CDATA[{1059F179-EBBE-431F-A9BD-D5D94E864A07}]]></ID><Comment><![CDATA[]]></Comment><GPODisplayName><![CDATA[Outlook Auto Create First Profile]]></GPODisplayName></BackupInst>
