<Backups xmlns="http://www.microsoft.com/GroupPolicy/GPOOperations/Manifest" xmlns:mfst="http://www.microsoft.com/GroupPolicy/GPOOperations/Manifest" mfst:version="1.0"><BackupInst><GPOGuid><![CDATA[{D200ACE8-54A9-407B-9151-267A3B9FCA6B}]]></GPOGuid><GPODomain><![CDATA[domain.com]]></GPODomain><GPODomainGuid><![CDATA[{ef9e6cad-1cd1-445c-b010-b7d42429e993}]]></GPODomainGuid><GPODomainController><![CDATA[server.domain.com]]></GPODomainController><BackupTime><![CDATA[2021-05-11T12:59:16]]></BackupTime><ID><![CDATA[{5EEDB78A-8C1E-487B-BF02-0C26345D5FC6}]]></ID><Comment><![CDATA[]]></Comment><GPODisplayName><![CDATA[FIrewall - PRTG]]></GPODisplayName></BackupInst></Backups>