<Backups xmlns="http://www.microsoft.com/GroupPolicy/GPOOperations/Manifest" xmlns:mfst="http://www.microsoft.com/GroupPolicy/GPOOperations/Manifest" mfst:version="1.0"><BackupInst><GPOGuid><![CDATA[{DA930643-6730-4069-97D9-CE0ECB40AFAB}]]></GPOGuid><GPODomain><![CDATA[domain.com]]></GPODomain><GPODomainGuid><![CDATA[{ef9e6cad-1cd1-445c-b010-b7d42429e993}]]></GPODomainGuid><GPODomainController><![CDATA[server.domain.com]]></GPODomainController><BackupTime><![CDATA[2021-04-29T16:36:30]]></BackupTime><ID><![CDATA[{A381EB27-6BCB-414B-AC69-47ADDC7BE907}]]></ID><Comment><![CDATA[]]></Comment><GPODisplayName><![CDATA[Firewall - PRTG]]></GPODisplayName></BackupInst></Backups>