<BackupInst xmlns="http://www.microsoft.com/GroupPolicy/GPOOperations/Manifest"><GPOGuid><![CDATA[{5379B981-1740-4BD8-8FC9-04902DF7911B}]]></GPOGuid><GPODomain><![CDATA[HamiltonMiller.com]]></GPODomain><GPODomainGuid><![CDATA[{620f73a3-1f40-467a-9b1b-a4f8cef68cc0}]]></GPODomainGuid><GPODomainController><![CDATA[HMB-DC02.HamiltonMiller.com]]></GPODomainController><BackupTime><![CDATA[2023-10-03T10:20:00]]></BackupTime><ID><![CDATA[{380FB850-498F-43BC-9783-49D798EDD6CB}]]></ID><Comment><![CDATA[]]></Comment><GPODisplayName><![CDATA[AVD-Chrome]]></GPODisplayName></BackupInst>
