<BackupInst xmlns="http://www.microsoft.com/GroupPolicy/GPOOperations/Manifest"><GPOGuid><![CDATA[{EF355928-DFBA-4898-B052-B9B3AECCE772}]]></GPOGuid><GPODomain><![CDATA[domain.com]]></GPODomain><GPODomainGuid><![CDATA[{ef9e6cad-1cd1-445c-b010-b7d42429e993}]]></GPODomainGuid><GPODomainController><![CDATA[server.domain.com]]></GPODomainController><BackupTime><![CDATA[2021-04-14T13:11:45]]></BackupTime><ID><![CDATA[{6BAAB92A-C1E4-446B-9DAE-B5C976E18999}]]></ID><Comment><![CDATA[]]></Comment><GPODisplayName><![CDATA[FeedSync Disable]]></GPODisplayName></BackupInst>
