<?xml version="1.0" encoding="utf-8"?>
<RegistrySettings clsid="{A3CCFC41-DFDB-43a5-8D26-0FE8B954DA51}"><Registry clsid="{9CD4B2F4-923D-47f5-A062-E897DD1DAD50}" name=".jpg" status=".jpg" image="7" changed="2023-07-03 11:21:53" uid="{DBD1987B-34AD-46E7-BE40-42F994D50070}"><Properties action="U" displayDecimal="0" default="0" hive="HKEY_LOCAL_MACHINE" key="SOFTWARE\Microsoft\Windows Photo Viewer\Capabilities\FileAssociations" name=".jpg" type="REG_SZ" value="PhotoViewer.FileAssoc.Jpeg"/></Registry>
	<Registry clsid="{9CD4B2F4-923D-47f5-A062-E897DD1DAD50}" name=".jpeg" status=".jpeg" image="7" changed="2023-07-03 11:22:23" uid="{4676D477-E4C0-4577-B6A5-D58DAB69FC8D}"><Properties action="U" displayDecimal="0" default="0" hive="HKEY_LOCAL_MACHINE" key="SOFTWARE\Microsoft\Windows Photo Viewer\Capabilities\FileAssociations" name=".jpeg" type="REG_SZ" value="PhotoViewer.FileAssoc.Jpeg"/></Registry>
	<Registry clsid="{9CD4B2F4-923D-47f5-A062-E897DD1DAD50}" name=".png" status=".png" image="7" changed="2023-07-03 11:22:47" uid="{0CDD0365-B270-4BC9-9BAE-5D071B6A3146}"><Properties action="U" displayDecimal="0" default="0" hive="HKEY_LOCAL_MACHINE" key="SOFTWARE\Microsoft\Windows Photo Viewer\Capabilities\FileAssociations" name=".png" type="REG_SZ" value="PhotoViewer.FileAssoc.Png"/></Registry>
	<Registry clsid="{9CD4B2F4-923D-47f5-A062-E897DD1DAD50}" name=".bmp" status=".bmp" image="7" changed="2023-07-03 11:23:08" uid="{BFF5A4B1-F82B-46D8-B38E-EF7D300FC6A1}"><Properties action="U" displayDecimal="0" default="0" hive="HKEY_LOCAL_MACHINE" key="SOFTWARE\Microsoft\Windows Photo Viewer\Capabilities\FileAssociations" name=".bmp" type="REG_SZ" value="PhotoViewer.FileAssoc.Bitmap"/></Registry>
	<Registry clsid="{9CD4B2F4-923D-47f5-A062-E897DD1DAD50}" name=".gif" status=".gif" image="7" changed="2023-07-03 11:23:39" uid="{99832BF3-4B2E-438F-94BC-105CB3DBE49A}"><Properties action="U" displayDecimal="0" default="0" hive="HKEY_LOCAL_MACHINE" key="SOFTWARE\Microsoft\Windows Photo Viewer\Capabilities\FileAssociations" name=".gif" type="REG_SZ" value="PhotoViewer.FileAssoc.Tiff"/></Registry>
	<Registry clsid="{9CD4B2F4-923D-47f5-A062-E897DD1DAD50}" name=".jpe" status=".jpe" image="7" changed="2023-07-03 11:24:12" uid="{7E07F0C7-308B-4EA9-9656-D46DCB3DE0B3}"><Properties action="U" displayDecimal="0" default="0" hive="HKEY_LOCAL_MACHINE" key="SOFTWARE\Microsoft\Windows Photo Viewer\Capabilities\FileAssociations" name=".jpe" type="REG_SZ" value="PhotoViewer.FileAssoc.Jpeg"/></Registry>
</RegistrySettings>
