<BackupInst xmlns="http://www.microsoft.com/GroupPolicy/GPOOperations/Manifest"><GPOGuid><![CDATA[{492BBBD9-6A57-477C-828C-2669BE500598}]]></GPOGuid><GPODomain><![CDATA[domain.com]]></GPODomain><GPODomainGuid><![CDATA[{ef9e6cad-1cd1-445c-b010-b7d42429e993}]]></GPODomainGuid><GPODomainController><![CDATA[comp.domain.com]]></GPODomainController><BackupTime><![CDATA[2021-07-01T14:04:12]]></BackupTime><ID><![CDATA[{EBF359FC-62E2-44D0-BD41-6491821B6107}]]></ID><Comment><![CDATA[]]></Comment><GPODisplayName><![CDATA[WPAD Protection]]></GPODisplayName></BackupInst>
