<BackupInst xmlns="http://www.microsoft.com/GroupPolicy/GPOOperations/Manifest"><GPOGuid><![CDATA[{6ECA87D4-281D-4175-AB2B-2CC93CDE8DBB}]]></GPOGuid><GPODomain><![CDATA[COMPASSMSP.com]]></GPODomain><GPODomainGuid><![CDATA[{ef9e6cad-1cd1-445c-b010-b7d42429e993}]]></GPODomainGuid><GPODomainController><![CDATA[Compass-DC.COMPASSMSP.com]]></GPODomainController><BackupTime><![CDATA[2020-05-15T19:36:00]]></BackupTime><ID><![CDATA[{1F56331B-B7B4-4CBC-9563-7E85814BE9E5}]]></ID><Comment><![CDATA[]]></Comment><GPODisplayName><![CDATA[Ad Block ]]></GPODisplayName></BackupInst>
