<BackupInst xmlns="http://www.microsoft.com/GroupPolicy/GPOOperations/Manifest"><GPOGuid><![CDATA[{95A5CE72-4A8A-468F-BFF7-1553364A6D52}]]></GPOGuid><GPODomain><![CDATA[domain.com]]></GPODomain><GPODomainGuid><![CDATA[{ef9e6cad-1cd1-445c-b010-b7d42429e993}]]></GPODomainGuid><GPODomainController><![CDATA[server.domain.com]]></GPODomainController><BackupTime><![CDATA[2021-04-27T14:26:00]]></BackupTime><ID><![CDATA[{58E6DCBA-CB34-4FA9-B2C2-DDFA10454807}]]></ID><Comment><![CDATA[]]></Comment><GPODisplayName><![CDATA[AppLocker Domain Controllers]]></GPODisplayName></BackupInst>
