<BackupInst xmlns="http://www.microsoft.com/GroupPolicy/GPOOperations/Manifest"><GPOGuid><![CDATA[{18D90DB1-989B-431D-923A-34E37B0AD9FD}]]></GPOGuid><GPODomain><![CDATA[domain.com]]></GPODomain><GPODomainGuid><![CDATA[{ef9e6cad-1cd1-445c-b010-b7d42429e993}]]></GPODomainGuid><GPODomainController><![CDATA[server.domain.com]]></GPODomainController><BackupTime><![CDATA[2021-04-14T13:13:15]]></BackupTime><ID><![CDATA[{1E07115F-A85B-4FA1-BD88-C7A80309734C}]]></ID><Comment><![CDATA[]]></Comment><GPODisplayName><![CDATA[Search Settings Browsers]]></GPODisplayName></BackupInst>
