<BackupInst xmlns="http://www.microsoft.com/GroupPolicy/GPOOperations/Manifest"><GPOGuid><![CDATA[{B208501C-79C8-4CDC-AC0A-97866ABEBB69}]]></GPOGuid><GPODomain><![CDATA[COMPASSMSP.com]]></GPODomain><GPODomainGuid><![CDATA[{ef9e6cad-1cd1-445c-b010-b7d42429e993}]]></GPODomainGuid><GPODomainController><![CDATA[C-M1-DC3.COMPASSMSP.com]]></GPODomainController><BackupTime><![CDATA[2021-02-10T19:11:13]]></BackupTime><ID><![CDATA[{BECF7E20-DC35-4B8E-8DEE-C482946095C0}]]></ID><Comment><![CDATA[]]></Comment><GPODisplayName><![CDATA[Audit Policy - Domain Controller AWN]]></GPODisplayName></BackupInst>
