<BackupInst xmlns="http://www.microsoft.com/GroupPolicy/GPOOperations/Manifest"><GPOGuid><![CDATA[{C189481B-81D3-40B4-9292-FF9FA7E114A8}]]></GPOGuid><GPODomain><![CDATA[COMPASSMSP.com]]></GPODomain><GPODomainGuid><![CDATA[{ef9e6cad-1cd1-445c-b010-b7d42429e993}]]></GPODomainGuid><GPODomainController><![CDATA[Compass-DC.COMPASSMSP.com]]></GPODomainController><BackupTime><![CDATA[2020-10-06T16:27:59]]></BackupTime><ID><![CDATA[{9284BD29-305F-47AC-BEF0-67BE0243C7A9}]]></ID><Comment><![CDATA[]]></Comment><GPODisplayName><![CDATA[LDAP Signing]]></GPODisplayName></BackupInst>
