<BackupInst xmlns="http://www.microsoft.com/GroupPolicy/GPOOperations/Manifest"><GPOGuid><![CDATA[{7071655D-65F8-429B-A3AB-37257F5AB937}]]></GPOGuid><GPODomain><![CDATA[domain.com]]></GPODomain><GPODomainGuid><![CDATA[{ef9e6cad-1cd1-445c-b010-b7d42429e993}]]></GPODomainGuid><GPODomainController><![CDATA[server.domain.com]]></GPODomainController><BackupTime><![CDATA[2021-05-11T13:02:01]]></BackupTime><ID><![CDATA[{4C8AED93-7DC5-4130-A0C6-3367052C4496}]]></ID><Comment><![CDATA[]]></Comment><GPODisplayName><![CDATA[Firewall - Base]]></GPODisplayName></BackupInst>
