<Backups xmlns="http://www.microsoft.com/GroupPolicy/GPOOperations/Manifest" xmlns:mfst="http://www.microsoft.com/GroupPolicy/GPOOperations/Manifest" mfst:version="1.0"><BackupInst><GPOGuid><![CDATA[{D7263848-2E46-4EC6-BC60-5935448D0F13}]]></GPOGuid><GPODomain><![CDATA[COMPASSMSP.com]]></GPODomain><GPODomainGuid><![CDATA[{ef9e6cad-1cd1-445c-b010-b7d42429e993}]]></GPODomainGuid><GPODomainController><![CDATA[C-M1-DC3.COMPASSMSP.com]]></GPODomainController><BackupTime><![CDATA[2020-06-30T18:53:05]]></BackupTime><ID><![CDATA[{C2EC7D55-BCAC-4D64-B2E1-358C3AF0F63E}]]></ID><Comment><![CDATA[]]></Comment><GPODisplayName><![CDATA[Office 2016 Shared Computer Activation]]></GPODisplayName></BackupInst></Backups>