<Backups xmlns="http://www.microsoft.com/GroupPolicy/GPOOperations/Manifest" xmlns:mfst="http://www.microsoft.com/GroupPolicy/GPOOperations/Manifest" mfst:version="1.0"><BackupInst><GPOGuid><![CDATA[{8A417E3A-E8E0-42EC-8822-0FF25CE368DB}]]></GPOGuid><GPODomain><![CDATA[domain.com]]></GPODomain><GPODomainGuid><![CDATA[{ef9e6cad-1cd1-445c-b010-b7d42429e993}]]></GPODomainGuid><GPODomainController><![CDATA[server.domain.com]]></GPODomainController><BackupTime><![CDATA[2021-05-11T12:58:51]]></BackupTime><ID><![CDATA[{012260A3-1CF2-4CC3-9BB7-0E75351EA5E2}]]></ID><Comment><![CDATA[]]></Comment><GPODisplayName><![CDATA[Firewall - RDG]]></GPODisplayName></BackupInst></Backups>