<Backups xmlns="http://www.microsoft.com/GroupPolicy/GPOOperations/Manifest" xmlns:mfst="http://www.microsoft.com/GroupPolicy/GPOOperations/Manifest" mfst:version="1.0"><BackupInst><GPOGuid><![CDATA[{8A417E3A-E8E0-42EC-8822-0FF25CE368DB}]]></GPOGuid><GPODomain><![CDATA[domain.com]]></GPODomain><GPODomainGuid><![CDATA[{ef9e6cad-1cd1-445c-b010-b7d42429e993}]]></GPODomainGuid><GPODomainController><![CDATA[server.domain.com]]></GPODomainController><BackupTime><![CDATA[2021-04-29T16:36:42]]></BackupTime><ID><![CDATA[{185D0451-D881-46A3-AECE-8D2D9679B63B}]]></ID><Comment><![CDATA[]]></Comment><GPODisplayName><![CDATA[Firewall - RDG]]></GPODisplayName></BackupInst></Backups>