<BackupInst xmlns="http://www.microsoft.com/GroupPolicy/GPOOperations/Manifest"><GPOGuid><![CDATA[{27791E56-46A0-4AEE-BFB8-6C8E1AF6C4B5}]]></GPOGuid><GPODomain><![CDATA[HamiltonMiller.com]]></GPODomain><GPODomainGuid><![CDATA[{620f73a3-1f40-467a-9b1b-a4f8cef68cc0}]]></GPODomainGuid><GPODomainController><![CDATA[HMB-DC02.HamiltonMiller.com]]></GPODomainController><BackupTime><![CDATA[2023-10-03T10:21:00]]></BackupTime><ID><![CDATA[{69C751AE-9EF4-4158-82B5-456F93177D3C}]]></ID><Comment><![CDATA[]]></Comment><GPODisplayName><![CDATA[AVD-Enable Shortpath]]></GPODisplayName></BackupInst>
