<BackupInst xmlns="http://www.microsoft.com/GroupPolicy/GPOOperations/Manifest"><GPOGuid><![CDATA[{4A6496DF-36FD-462C-85DD-55DB1F8F11F9}]]></GPOGuid><GPODomain><![CDATA[COMPASSMSP.com]]></GPODomain><GPODomainGuid><![CDATA[{ef9e6cad-1cd1-445c-b010-b7d42429e993}]]></GPODomainGuid><GPODomainController><![CDATA[C-M1-DC3.COMPASSMSP.com]]></GPODomainController><BackupTime><![CDATA[2020-06-30T18:52:53]]></BackupTime><ID><![CDATA[{DF96FD62-07F0-4484-AB17-4896D81F74E5}]]></ID><Comment><![CDATA[]]></Comment><GPODisplayName><![CDATA[Office 2016 AutoSave]]></GPODisplayName></BackupInst>
