<?xml version="1.0" encoding="utf-8"?>
<RegistrySettings clsid="{A3CCFC41-DFDB-43a5-8D26-0FE8B954DA51}"><Registry clsid="{9CD4B2F4-923D-47f5-A062-E897DD1DAD50}" name="NoProtectedModeBanner" status="NoProtectedModeBanner" image="12" bypassErrors="1" changed="2018-06-08 18:51:07" uid="{6EFDD7AA-F2C9-4E3E-863D-45C7C101846A}"><Properties action="U" displayDecimal="1" default="0" hive="HKEY_CURRENT_USER" key="SOFTWARE\Microsoft\Internet Explorer\Main" name="NoProtectedModeBanner" type="REG_DWORD" value="00000001"/></Registry>
	<Collection clsid="{53B533F5-224C-47e3-B01B-CA3B3F3FF4BF}" name="Set Google as the Search Provider"><Collection clsid="{53B533F5-224C-47e3-B01B-CA3B3F3FF4BF}" name="SearchScopes"><Registry clsid="{9CD4B2F4-923D-47f5-A062-E897DD1DAD50}" name="SearchScopes" image="2" descr="Wizard Generated Registry Item" status="SearchScopes" bypassErrors="1" changed="2018-06-19 12:32:23" uid="{E82ED0D2-CFBD-4B63-9035-EE399A90910A}"><Properties action="U" displayDecimal="0" default="0" hive="HKEY_CURRENT_USER" key="Software\Microsoft\Internet Explorer\SearchScopes" name="" type="REG_SZ" value=""/><Filters><FilterRunOnce hidden="1" not="0" bool="AND" id="{33A30185-98B9-497B-9AF9-C09D9571B3D5}"/>
				</Filters></Registry>
			<Registry clsid="{9CD4B2F4-923D-47f5-A062-E897DD1DAD50}" name="DefaultScope" descr="Wizard Generated Registry Item" image="7" status="DefaultScope" bypassErrors="1" changed="2018-06-19 12:32:18" uid="{F6B249A9-15C1-4312-A1DE-94EA4D828E51}"><Properties action="U" displayDecimal="0" default="0" hive="HKEY_CURRENT_USER" key="Software\Microsoft\Internet Explorer\SearchScopes" name="DefaultScope" type="REG_SZ" value="{59D7FB35-3855-43F6-A186-F27116691788}"/><Filters><FilterRunOnce hidden="1" not="0" bool="AND" id="{95B2D8E8-4347-45A1-B901-587E4B96D177}"/>
				</Filters></Registry>
			<Collection clsid="{53B533F5-224C-47e3-B01B-CA3B3F3FF4BF}" name="{59D7FB35-3855-43F6-A186-F27116691788}"><Registry clsid="{9CD4B2F4-923D-47f5-A062-E897DD1DAD50}" name="URL" descr="Wizard Generated Registry Item" image="7" status="URL" bypassErrors="1" changed="2018-06-19 12:32:30" uid="{EC3262EB-F37B-48C3-8BCC-57F3672AFFF6}"><Properties action="U" displayDecimal="0" default="0" hive="HKEY_CURRENT_USER" key="Software\Microsoft\Internet Explorer\SearchScopes\{59D7FB35-3855-43F6-A186-F27116691788}" name="URL" type="REG_SZ" value="https://www.google.com/search?q={searchTerms}&amp;sourceid=ie7&amp;rls=com.microsoft:{language}:{referrer:source}&amp;ie={inputEncoding?}&amp;oe={outputEncoding?}"/><Filters><FilterRunOnce hidden="1" not="0" bool="AND" id="{70649388-4ACA-45A6-B4C7-4ABE14C37AAC}"/>
					</Filters></Registry>
				<Registry clsid="{9CD4B2F4-923D-47f5-A062-E897DD1DAD50}" name="SuggestionsURL" descr="Wizard Generated Registry Item" image="7" status="SuggestionsURL" bypassErrors="1" changed="2018-06-19 12:32:36" uid="{5E8FB70C-EE6F-47CD-B5A3-06C49AE2C724}"><Properties action="U" displayDecimal="0" default="0" hive="HKEY_CURRENT_USER" key="Software\Microsoft\Internet Explorer\SearchScopes\{59D7FB35-3855-43F6-A186-F27116691788}" name="SuggestionsURL" type="REG_SZ" value="https://www.google.com/complete/search?q={searchTerms}&amp;client=ie8&amp;mw={ie:maxWidth}&amp;sh={ie:sectionHeight}&amp;rh={ie:rowHeight}&amp;inputencoding={inputEncoding}&amp;outputencoding={outputEncoding}"/><Filters><FilterRunOnce hidden="1" not="0" bool="AND" id="{24DC7FC6-F307-4C5A-AD39-E7D5C5FCF141}"/>
					</Filters></Registry>
				<Registry clsid="{9CD4B2F4-923D-47f5-A062-E897DD1DAD50}" name="ShowSearchSuggestions" descr="Wizard Generated Registry Item" image="12" status="ShowSearchSuggestions" bypassErrors="1" changed="2018-06-19 12:32:41" uid="{D9A1B94F-6F6F-4312-8FC6-8F73498722A1}"><Properties action="U" displayDecimal="0" default="0" hive="HKEY_CURRENT_USER" key="Software\Microsoft\Internet Explorer\SearchScopes\{59D7FB35-3855-43F6-A186-F27116691788}" name="ShowSearchSuggestions" type="REG_DWORD" value="00000001"/><Filters><FilterRunOnce hidden="1" not="0" bool="AND" id="{52A00162-217B-4E0E-8AB6-3396F2611882}"/>
					</Filters></Registry>
				<Registry clsid="{9CD4B2F4-923D-47f5-A062-E897DD1DAD50}" name="OSDFileURL" descr="Wizard Generated Registry Item" image="7" status="OSDFileURL" bypassErrors="1" changed="2018-06-19 12:32:46" uid="{E8E89635-F7FB-4ABB-9606-BE9E7B74D967}"><Properties action="U" displayDecimal="0" default="0" hive="HKEY_CURRENT_USER" key="Software\Microsoft\Internet Explorer\SearchScopes\{59D7FB35-3855-43F6-A186-F27116691788}" name="OSDFileURL" type="REG_SZ" value="https://www.microsoft.com/en-us/IEGallery/GoogleAddOns"/><Filters><FilterRunOnce hidden="1" not="0" bool="AND" id="{49BD1014-8BE3-4324-BD6D-0922519D6F65}"/>
					</Filters></Registry>
				<Registry clsid="{9CD4B2F4-923D-47f5-A062-E897DD1DAD50}" name="FaviconURL" descr="Wizard Generated Registry Item" image="7" status="FaviconURL" bypassErrors="1" changed="2018-06-19 12:32:51" uid="{1CB97BD5-BDDE-4F01-8B3B-C77DBCDC2D51}"><Properties action="U" displayDecimal="0" default="0" hive="HKEY_CURRENT_USER" key="Software\Microsoft\Internet Explorer\SearchScopes\{59D7FB35-3855-43F6-A186-F27116691788}" name="FaviconURL" type="REG_SZ" value="https://www.google.com/favicon.ico"/><Filters><FilterRunOnce hidden="1" not="0" bool="AND" id="{1728A1CC-7A9D-4623-9289-57012963D578}"/>
					</Filters></Registry>
				<Registry clsid="{9CD4B2F4-923D-47f5-A062-E897DD1DAD50}" name="DisplayName" descr="Wizard Generated Registry Item" image="7" status="DisplayName" bypassErrors="1" changed="2018-06-19 12:32:57" uid="{AD0D5CD8-2293-47EE-B0D9-D8CE0AB69B3B}"><Properties action="U" displayDecimal="0" default="0" hive="HKEY_CURRENT_USER" key="Software\Microsoft\Internet Explorer\SearchScopes\{59D7FB35-3855-43F6-A186-F27116691788}" name="DisplayName" type="REG_SZ" value="Google"/><Filters><FilterRunOnce hidden="1" not="0" bool="AND" id="{710A0F68-C4C8-45DA-8FE2-07A45D7A268A}"/>
					</Filters></Registry>
			</Collection>
		</Collection>
		<Collection clsid="{53B533F5-224C-47e3-B01B-CA3B3F3FF4BF}" name="User Preferences"><Registry clsid="{9CD4B2F4-923D-47f5-A062-E897DD1DAD50}" name="User Preferences" image="3" descr="Wizard Generated Registry Item" status="User Preferences" changed="2018-06-19 12:32:12" uid="{F58C6F91-E6F9-473B-86EC-4B688FB31CEF}" bypassErrors="1"><Properties action="D" displayDecimal="0" default="0" hive="HKEY_CURRENT_USER" key="Software\Microsoft\Internet Explorer\User Preferences" name="" type="REG_SZ" value=""/><Filters><FilterRunOnce hidden="1" not="0" bool="AND" id="{0B9D2E81-C830-4D95-9143-1AF5A239EAF4}"/>
				</Filters></Registry>
		</Collection>
	</Collection>
</RegistrySettings>
