<BackupInst xmlns="http://www.microsoft.com/GroupPolicy/GPOOperations/Manifest"><GPOGuid><![CDATA[{392D58A4-3515-47C7-96E3-C02326BF14F1}]]></GPOGuid><GPODomain><![CDATA[COMPASSMSP.com]]></GPODomain><GPODomainGuid><![CDATA[{ef9e6cad-1cd1-445c-b010-b7d42429e993}]]></GPODomainGuid><GPODomainController><![CDATA[C-M1-DC3.COMPASSMSP.com]]></GPODomainController><BackupTime><![CDATA[2020-06-30T18:54:16]]></BackupTime><ID><![CDATA[{81388BF8-417D-425C-9A16-62B34239A99A}]]></ID><Comment><![CDATA[]]></Comment><GPODisplayName><![CDATA[Outlook 3mo Cached Exchange]]></GPODisplayName></BackupInst>
