<Backups xmlns="http://www.microsoft.com/GroupPolicy/GPOOperations/Manifest" xmlns:mfst="http://www.microsoft.com/GroupPolicy/GPOOperations/Manifest" mfst:version="1.0"><BackupInst><GPOGuid><![CDATA[{C9148738-4D8E-4A33-B784-B149DAF49EC6}]]></GPOGuid><GPODomain><![CDATA[domain.com]]></GPODomain><GPODomainGuid><![CDATA[{ef9e6cad-1cd1-445c-b010-b7d42429e993}]]></GPODomainGuid><GPODomainController><![CDATA[server.domain.com]]></GPODomainController><BackupTime><![CDATA[2020-10-27T20:29:31]]></BackupTime><ID><![CDATA[{A6C74B0F-BC52-40B8-9B18-12735A868C49}]]></ID><Comment><![CDATA[]]></Comment><GPODisplayName><![CDATA[Firewall ScreenConnect]]></GPODisplayName></BackupInst></Backups>