<Backups xmlns="http://www.microsoft.com/GroupPolicy/GPOOperations/Manifest" xmlns:mfst="http://www.microsoft.com/GroupPolicy/GPOOperations/Manifest" mfst:version="1.0"><BackupInst><GPOGuid><![CDATA[{F74119F7-AFEE-412A-9D14-A5AF54DEB841}]]></GPOGuid><GPODomain><![CDATA[domain.com]]></GPODomain><GPODomainGuid><![CDATA[{ef9e6cad-1cd1-445c-b010-b7d42429e993}]]></GPODomainGuid><GPODomainController><![CDATA[server.domain.com]]></GPODomainController><BackupTime><![CDATA[2021-04-14T13:06:06]]></BackupTime><ID><![CDATA[{2E437F68-69FF-40F0-BCCC-34F04D8ECFBB}]]></ID><Comment><![CDATA[]]></Comment><GPODisplayName><![CDATA[RDS Security]]></GPODisplayName></BackupInst></Backups>