<BackupInst xmlns="http://www.microsoft.com/GroupPolicy/GPOOperations/Manifest"><GPOGuid><![CDATA[{16958D07-5A47-41E8-9CC3-780B2B4049DD}]]></GPOGuid><GPODomain><![CDATA[domain.com]]></GPODomain><GPODomainGuid><![CDATA[{ef9e6cad-1cd1-445c-b010-b7d42429e993}]]></GPODomainGuid><GPODomainController><![CDATA[server.domain.com]]></GPODomainController><BackupTime><![CDATA[2020-10-27T14:30:01]]></BackupTime><ID><![CDATA[{F1B8FD5E-B850-4959-A4FD-8198F0B2F5D4}]]></ID><Comment><![CDATA[]]></Comment><GPODisplayName><![CDATA[Office 2016 Macros Disable]]></GPODisplayName></BackupInst>
