<Backups xmlns="http://www.microsoft.com/GroupPolicy/GPOOperations/Manifest" xmlns:mfst="http://www.microsoft.com/GroupPolicy/GPOOperations/Manifest" mfst:version="1.0"><BackupInst><GPOGuid><![CDATA[{3EB75F08-339F-4405-BB3D-F0D66A37809B}]]></GPOGuid><GPODomain><![CDATA[domain.com]]></GPODomain><GPODomainGuid><![CDATA[{ed70218f-b361-47cd-9592-0d34524f3fdd}]]></GPODomainGuid><GPODomainController><![CDATA[server.domain.com]]></GPODomainController><BackupTime><![CDATA[2020-09-02T18:40:13]]></BackupTime><ID><![CDATA[{C9B4AEF8-1618-4BAA-B292-3E668C984AD8}]]></ID><Comment><![CDATA[]]></Comment><GPODisplayName><![CDATA[Anonymous Enumeration Disable]]></GPODisplayName></BackupInst><BackupInst><GPOGuid><![CDATA[{3EB75F08-339F-4405-BB3D-F0D66A37809B}]]></GPOGuid><GPODomain><![CDATA[domain.com]]></GPODomain><GPODomainGuid><![CDATA[{ed70218f-b361-47cd-9592-0d34524f3fdd}]]></GPODomainGuid><GPODomainController><![CDATA[server.domain.com]]></GPODomainController><BackupTime><![CDATA[2020-09-02T18:25:20]]></BackupTime><ID><![CDATA[{B3B4CA91-D28F-473F-8219-C4EB355C26D7}]]></ID><Comment><![CDATA[]]></Comment><GPODisplayName><![CDATA[Anonymous Enumeration Disable]]></GPODisplayName></BackupInst></Backups>