<BackupInst xmlns="http://www.microsoft.com/GroupPolicy/GPOOperations/Manifest"><GPOGuid><![CDATA[{DE23E491-10C1-422F-ABDF-013BA98FEBF3}]]></GPOGuid><GPODomain><![CDATA[COMPASSMSP.com]]></GPODomain><GPODomainGuid><![CDATA[{ef9e6cad-1cd1-445c-b010-b7d42429e993}]]></GPODomainGuid><GPODomainController><![CDATA[Compass-DC.COMPASSMSP.com]]></GPODomainController><BackupTime><![CDATA[2020-08-18T17:15:24]]></BackupTime><ID><![CDATA[{C5AFF299-41F0-4DD1-9440-9A0C01E3CFF7}]]></ID><Comment><![CDATA[]]></Comment><GPODisplayName><![CDATA[Server Manager Auto Start Disable]]></GPODisplayName></BackupInst>
