<Backups xmlns="http://www.microsoft.com/GroupPolicy/GPOOperations/Manifest" xmlns:mfst="http://www.microsoft.com/GroupPolicy/GPOOperations/Manifest" mfst:version="1.0"><BackupInst><GPOGuid><![CDATA[{935E9873-A86F-48CD-A615-B5DF0D81959E}]]></GPOGuid><GPODomain><![CDATA[domain.com]]></GPODomain><GPODomainGuid><![CDATA[{ef9e6cad-1cd1-445c-b010-b7d42429e993}]]></GPODomainGuid><GPODomainController><![CDATA[server.domain.com]]></GPODomainController><BackupTime><![CDATA[2021-04-14T13:12:42]]></BackupTime><ID><![CDATA[{BDDA9CBA-BDD8-4E05-87E7-91B2E7A76B0E}]]></ID><Comment><![CDATA[]]></Comment><GPODisplayName><![CDATA[NTLMv2 Force]]></GPODisplayName></BackupInst></Backups>