<BackupInst xmlns="http://www.microsoft.com/GroupPolicy/GPOOperations/Manifest"><GPOGuid><![CDATA[{4ECD62AC-B29A-455B-BB65-7E39DEBFA736}]]></GPOGuid><GPODomain><![CDATA[COMPASSMSP.com]]></GPODomain><GPODomainGuid><![CDATA[{ef9e6cad-1cd1-445c-b010-b7d42429e993}]]></GPODomainGuid><GPODomainController><![CDATA[C-M1-DC3.COMPASSMSP.com]]></GPODomainController><BackupTime><![CDATA[2020-06-30T18:28:03]]></BackupTime><ID><![CDATA[{26810D36-4DCF-42EE-9669-AFE9F25F3D6C}]]></ID><Comment><![CDATA[]]></Comment><GPODisplayName><![CDATA[_AppLocker RDS]]></GPODisplayName></BackupInst>
