<BackupInst xmlns="http://www.microsoft.com/GroupPolicy/GPOOperations/Manifest"><GPOGuid><![CDATA[{BDD70E67-F9B5-4F6B-B510-3F54CA5B695C}]]></GPOGuid><GPODomain><![CDATA[COMPASSMSP.com]]></GPODomain><GPODomainGuid><![CDATA[{ef9e6cad-1cd1-445c-b010-b7d42429e993}]]></GPODomainGuid><GPODomainController><![CDATA[C-M1-DC3.COMPASSMSP.com]]></GPODomainController><BackupTime><![CDATA[2020-06-30T18:51:25]]></BackupTime><ID><![CDATA[{BE86CF50-D266-4FE6-87EA-9D7F1FA1C01F}]]></ID><Comment><![CDATA[]]></Comment><GPODisplayName><![CDATA[Disable Built-in Local Accounts]]></GPODisplayName></BackupInst>
