<BackupInst xmlns="http://www.microsoft.com/GroupPolicy/GPOOperations/Manifest"><GPOGuid><![CDATA[{2FAE4D91-9FC6-413D-B65B-A431274C7A35}]]></GPOGuid><GPODomain><![CDATA[domain.com]]></GPODomain><GPODomainGuid><![CDATA[{ed70218f-b361-47cd-9592-0d34524f3fdd}]]></GPODomainGuid><GPODomainController><![CDATA[server.domain.com]]></GPODomainController><BackupTime><![CDATA[2020-09-02T17:43:39]]></BackupTime><ID><![CDATA[{E7A24E79-B9AD-40D9-8F48-1055F1495F0E}]]></ID><Comment><![CDATA[]]></Comment><GPODisplayName><![CDATA[NTLMv2 Force]]></GPODisplayName></BackupInst>
