<BackupInst xmlns="http://www.microsoft.com/GroupPolicy/GPOOperations/Manifest"><GPOGuid><![CDATA[{AB434E4F-9A1F-4911-A5C8-CA1C0C2A0AE8}]]></GPOGuid><GPODomain><![CDATA[COMPASSMSP.com]]></GPODomain><GPODomainGuid><![CDATA[{ef9e6cad-1cd1-445c-b010-b7d42429e993}]]></GPODomainGuid><GPODomainController><![CDATA[C-M1-DC3.COMPASSMSP.com]]></GPODomainController><BackupTime><![CDATA[2020-06-30T18:54:04]]></BackupTime><ID><![CDATA[{F0B22637-74C5-4710-B81E-BBCE5B6DACFD}]]></ID><Comment><![CDATA[]]></Comment><GPODisplayName><![CDATA[Outlook 2016 Disable PST and Archive]]></GPODisplayName></BackupInst>
