<BackupInst xmlns="http://www.microsoft.com/GroupPolicy/GPOOperations/Manifest"><GPOGuid><![CDATA[{3BA11353-F069-424A-900D-AE6479FDDFD1}]]></GPOGuid><GPODomain><![CDATA[COMPASSMSP.com]]></GPODomain><GPODomainGuid><![CDATA[{ef9e6cad-1cd1-445c-b010-b7d42429e993}]]></GPODomainGuid><GPODomainController><![CDATA[C-M1-DC3.COMPASSMSP.com]]></GPODomainController><BackupTime><![CDATA[2020-06-30T18:54:53]]></BackupTime><ID><![CDATA[{35539D49-6EB0-4831-AA6C-421779E896DF}]]></ID><Comment><![CDATA[]]></Comment><GPODisplayName><![CDATA[Power Options]]></GPODisplayName></BackupInst>
