<Backups xmlns="http://www.microsoft.com/GroupPolicy/GPOOperations/Manifest" xmlns:mfst="http://www.microsoft.com/GroupPolicy/GPOOperations/Manifest" mfst:version="1.0"><BackupInst><GPOGuid><![CDATA[{B972D46C-3D0A-434D-986D-F5515FE25306}]]></GPOGuid><GPODomain><![CDATA[domain.com]]></GPODomain><GPODomainGuid><![CDATA[{bc5325db-740b-49cd-8c45-a2e984f337a1}]]></GPODomainGuid><GPODomainController><![CDATA[server.domain.com]]></GPODomainController><BackupTime><![CDATA[2021-02-10T19:27:54]]></BackupTime><ID><![CDATA[{32268A3C-B203-43DE-9CCB-06268A696B5A}]]></ID><Comment><![CDATA[]]></Comment><GPODisplayName><![CDATA[User Rights Assignment Deny TEMPLATE]]></GPODisplayName></BackupInst></Backups>