<?xml version="1.0" encoding="utf-8"?>
<RegistrySettings clsid="{A3CCFC41-DFDB-43a5-8D26-0FE8B954DA51}"><Registry clsid="{9CD4B2F4-923D-47f5-A062-E897DD1DAD50}" name="ThresholdUsedPercentage" status="ThresholdUsedPercentage" image="12" changed="2019-08-21 14:34:48" uid="{0F64E0FB-F218-4F6C-B3F4-140F50FFB08F}"><Properties action="U" displayDecimal="1" default="0" hive="HKEY_LOCAL_MACHINE" key="Software\FSLogix\frxtray" name="ThresholdUsedPercentage" type="REG_DWORD" value="00000061"/></Registry>
	<Registry clsid="{9CD4B2F4-923D-47f5-A062-E897DD1DAD50}" name="WarnReadOnlyProfiles" status="WarnReadOnlyProfiles" image="12" changed="2019-06-10 20:16:31" uid="{7EEA732B-C3BF-4745-8EF3-49DC01876F94}"><Properties action="U" displayDecimal="0" default="0" hive="HKEY_LOCAL_MACHINE" key="Software\FSLogix\frxtray" name="WarnReadOnlyProfiles" type="REG_DWORD" value="00000001"/></Registry>
	<Registry clsid="{9CD4B2F4-923D-47f5-A062-E897DD1DAD50}" name="CleanupInvalidSessions" status="CleanupInvalidSessions" image="11" changed="2021-06-08 18:03:56" uid="{5FD8E4BF-C83C-4FB6-903C-71A6EE03F8B8}"><Properties action="R" displayDecimal="0" default="0" hive="HKEY_LOCAL_MACHINE" key="Software\fslogix\apps" name="CleanupInvalidSessions" type="REG_DWORD" value="00000001"/></Registry>
</RegistrySettings>
