<?xml version="1.0" encoding="utf-8"?>
<RegistrySettings clsid="{A3CCFC41-DFDB-43a5-8D26-0FE8B954DA51}"><Registry clsid="{9CD4B2F4-923D-47f5-A062-E897DD1DAD50}" name="ForceOSTPath" status="ForceOSTPath" image="7" changed="2022-11-03 11:58:45" uid="{F4B7E62C-BD73-490D-A31A-71227410F701}"><Properties action="U" displayDecimal="0" default="0" hive="HKEY_CURRENT_USER" key="Software\Microsoft\Office\16.0\Outlook" name="ForceOSTPath" type="REG_EXPAND_SZ" value="E:\OST\%username%\"/></Registry>
	<Registry clsid="{9CD4B2F4-923D-47f5-A062-E897DD1DAD50}" name="LoadBehavior" status="LoadBehavior" image="11" changed="2022-11-07 14:25:02" uid="{14CB5FA6-4A3D-4D8E-9672-0A096287604F}" bypassErrors="1" disabled="1"><Properties action="R" displayDecimal="0" default="0" hive="HKEY_CURRENT_USER" key="Software\Microsoft\Office\Outlook\Addins\ploutaddin.plcooutaddin" name="LoadBehavior" type="REG_DWORD" value="00000002"/><Filters><FilterRunOnce hidden="1" not="0" bool="AND" id="{D0143755-581B-412C-B3F7-B4C23D3A2F9A}"/>
		</Filters></Registry>
	<Registry clsid="{9CD4B2F4-923D-47f5-A062-E897DD1DAD50}" name="SearchResultsCap" status="SearchResultsCap" image="10" changed="2022-12-22 11:16:42" uid="{460746C2-779B-454C-8493-B1D7F7572041}"><Properties action="C" displayDecimal="0" default="0" hive="HKEY_CURRENT_USER" key="Software\Microsoft\Office\16.0\Outlook\Search" name="SearchResultsCap" type="REG_DWORD" value="00000000"/></Registry>
</RegistrySettings>
