<Backups xmlns="http://www.microsoft.com/GroupPolicy/GPOOperations/Manifest" xmlns:mfst="http://www.microsoft.com/GroupPolicy/GPOOperations/Manifest" mfst:version="1.0"><BackupInst><GPOGuid><![CDATA[{FB7DA7F8-80E2-4CD9-911A-EB5D0622A455}]]></GPOGuid><GPODomain><![CDATA[vmearth.com]]></GPODomain><GPODomainGuid><![CDATA[{bc5325db-740b-49cd-8c45-a2e984f337a1}]]></GPODomainGuid><GPODomainController><![CDATA[server.domain.com]]></GPODomainController><BackupTime><![CDATA[2020-09-15T14:16:34]]></BackupTime><ID><![CDATA[{07986489-2C5E-40CA-A8C6-43BA778081AC}]]></ID><Comment><![CDATA[]]></Comment><GPODisplayName><![CDATA[Server Manager Auto Start Disable]]></GPODisplayName></BackupInst></Backups>