<BackupInst xmlns="http://www.microsoft.com/GroupPolicy/GPOOperations/Manifest"><GPOGuid><![CDATA[{42BE3004-D5DF-4235-A0E0-114142F25FEE}]]></GPOGuid><GPODomain><![CDATA[HamiltonMiller.com]]></GPODomain><GPODomainGuid><![CDATA[{620f73a3-1f40-467a-9b1b-a4f8cef68cc0}]]></GPODomainGuid><GPODomainController><![CDATA[HMB-DC02.HamiltonMiller.com]]></GPODomainController><BackupTime><![CDATA[2023-10-03T10:21:02]]></BackupTime><ID><![CDATA[{4E4A6BF9-8104-472A-AB64-8BAEEEF9CE85}]]></ID><Comment><![CDATA[]]></Comment><GPODisplayName><![CDATA[AVD-Redirect All Printers for a group]]></GPODisplayName></BackupInst>
