<?xml version="1.0" encoding="utf-8"?>
<RegistrySettings clsid="{A3CCFC41-DFDB-43a5-8D26-0FE8B954DA51}"><Registry clsid="{9CD4B2F4-923D-47f5-A062-E897DD1DAD50}" name="MaxSize" status="MaxSize" image="12" changed="2021-04-02 13:46:11" uid="{F69CEBD1-5649-4838-A3C5-94A0DF9212E2}"><Properties action="U" displayDecimal="1" default="0" hive="HKEY_LOCAL_MACHINE" key="Software\Microsoft\Windows\CurrentVersion\WINEVT\Channels\Microsoft-Windows-PowerShell/Operational" name="MaxSize" type="REG_DWORD" value="1E850000"/></Registry>
	<Registry clsid="{9CD4B2F4-923D-47f5-A062-E897DD1DAD50}" name="MaxSize" status="MaxSize" image="12" changed="2021-04-02 13:46:26" uid="{43E62ADD-89D1-4F64-A29B-82938ACA7DBE}"><Properties action="U" displayDecimal="1" default="0" hive="HKEY_LOCAL_MACHINE" key="SYSTEM\CurrentControlSet\Services\EventLog\Windows PowerShell" name="MaxSize" type="REG_DWORD" value="1E850000"/></Registry>
	<Registry clsid="{9CD4B2F4-923D-47f5-A062-E897DD1DAD50}" name="MaxSize" status="MaxSize" image="12" changed="2021-04-02 13:46:35" uid="{F405C89A-EB73-4459-B5AE-60585BC46E0E}"><Properties action="U" displayDecimal="1" default="0" hive="HKEY_LOCAL_MACHINE" key="SOFTWARE\Microsoft\Windows\CurrentVersion\WINEVT\Channels\PowerShellCore/Operational" name="MaxSize" type="REG_DWORD" value="1E850000"/></Registry>
	<Registry clsid="{9CD4B2F4-923D-47f5-A062-E897DD1DAD50}" name="MaxSize" status="MaxSize" image="12" changed="2021-04-02 13:47:56" uid="{66312045-2C5E-4752-884C-46046D92569E}"><Properties action="U" displayDecimal="1" default="0" hive="HKEY_LOCAL_MACHINE" key="SOFTWARE\Microsoft\Windows\CurrentVersion\WINEVT\Channels\Microsoft-Windows-WinRM/Operational" name="MaxSize" type="REG_DWORD" value="1E850000"/></Registry>
	<Registry clsid="{9CD4B2F4-923D-47f5-A062-E897DD1DAD50}" name="MaxSize" status="MaxSize" image="12" changed="2021-03-26 18:08:49" uid="{64C321F3-7F14-4598-8B85-3C54690AA83B}"><Properties action="U" displayDecimal="1" default="0" hive="HKEY_LOCAL_MACHINE" key="SOFTWARE\Microsoft\Windows\CurrentVersion\WINEVT\Channels\Microsoft-Windows-TerminalServices-LocalSessionManager/Admin" name="MaxSize" type="REG_DWORD" value="3EBF0000"/></Registry>
	<Registry clsid="{9CD4B2F4-923D-47f5-A062-E897DD1DAD50}" name="MaxSize" status="MaxSize" image="12" changed="2021-03-26 18:09:11" uid="{F21D742C-0078-4572-BC52-0AC4876C1841}"><Properties action="U" displayDecimal="1" default="0" hive="HKEY_LOCAL_MACHINE" key="SOFTWARE\Microsoft\Windows\CurrentVersion\WINEVT\Channels\Microsoft-Windows-TerminalServices-LocalSessionManager/Operational" name="MaxSize" type="REG_DWORD" value="3EBF0000"/></Registry>
	<Registry clsid="{9CD4B2F4-923D-47f5-A062-E897DD1DAD50}" name="MaxSize" status="MaxSize" image="12" changed="2021-03-26 18:09:40" uid="{E0260ABC-1538-44FB-A982-037488767A4A}"><Properties action="U" displayDecimal="1" default="0" hive="HKEY_LOCAL_MACHINE" key="SOFTWARE\Microsoft\Windows\CurrentVersion\WINEVT\Channels\Microsoft-Windows-TerminalServices-RemoteConnectionManager/Admin" name="MaxSize" type="REG_DWORD" value="3EBF0000"/></Registry>
	<Registry clsid="{9CD4B2F4-923D-47f5-A062-E897DD1DAD50}" name="MaxSize" status="MaxSize" image="12" changed="2021-03-26 18:09:52" uid="{9A3EBF2E-948A-4893-9014-986A1B3982B5}"><Properties action="U" displayDecimal="1" default="0" hive="HKEY_LOCAL_MACHINE" key="SOFTWARE\Microsoft\Windows\CurrentVersion\WINEVT\Channels\Microsoft-Windows-TerminalServices-RemoteConnectionManager/Operational" name="MaxSize" type="REG_DWORD" value="3EBF0000"/></Registry>
</RegistrySettings>
