<Backups xmlns="http://www.microsoft.com/GroupPolicy/GPOOperations/Manifest" xmlns:mfst="http://www.microsoft.com/GroupPolicy/GPOOperations/Manifest" mfst:version="1.0"><BackupInst><GPOGuid><![CDATA[{7E096ADC-67ED-4909-AE77-962338C42BCF}]]></GPOGuid><GPODomain><![CDATA[lawoffice.local]]></GPODomain><GPODomainGuid><![CDATA[{a85f6e72-80cc-4911-af44-993c642d4bc8}]]></GPODomainGuid><GPODomainController><![CDATA[BMDC2.lawoffice.local]]></GPODomainController><BackupTime><![CDATA[2020-08-19T19:06:44]]></BackupTime><ID><![CDATA[{C1A5BEDE-8001-475B-B35C-967F7A6D4DBA}]]></ID><Comment><![CDATA[]]></Comment><GPODisplayName><![CDATA[Office Force Modern Auth]]></GPODisplayName></BackupInst></Backups>