<BackupInst xmlns="http://www.microsoft.com/GroupPolicy/GPOOperations/Manifest"><GPOGuid><![CDATA[{E6254F0F-08C4-4579-8B98-6DCE72F29C4F}]]></GPOGuid><GPODomain><![CDATA[HamiltonMiller.com]]></GPODomain><GPODomainGuid><![CDATA[{620f73a3-1f40-467a-9b1b-a4f8cef68cc0}]]></GPODomainGuid><GPODomainController><![CDATA[HMB-DC02.HamiltonMiller.com]]></GPODomainController><BackupTime><![CDATA[2023-10-03T10:21:00]]></BackupTime><ID><![CDATA[{7F3906BF-6423-405B-829B-D7F131310E13}]]></ID><Comment><![CDATA[]]></Comment><GPODisplayName><![CDATA[AVD-Connection Limit]]></GPODisplayName></BackupInst>
