<Backups xmlns="http://www.microsoft.com/GroupPolicy/GPOOperations/Manifest" xmlns:mfst="http://www.microsoft.com/GroupPolicy/GPOOperations/Manifest" mfst:version="1.0"><BackupInst><GPOGuid><![CDATA[{8B3D604A-2097-4936-9534-669D8BF74A40}]]></GPOGuid><GPODomain><![CDATA[COMPASSMSP.com]]></GPODomain><GPODomainGuid><![CDATA[{ef9e6cad-1cd1-445c-b010-b7d42429e993}]]></GPODomainGuid><GPODomainController><![CDATA[C-M1-DC3.COMPASSMSP.com]]></GPODomainController><BackupTime><![CDATA[2020-06-30T18:53:45]]></BackupTime><ID><![CDATA[{2D73FC1C-48F7-40B5-838D-25C234B9C867}]]></ID><Comment><![CDATA[]]></Comment><GPODisplayName><![CDATA[Office 365 SSO]]></GPODisplayName></BackupInst></Backups>