<BackupInst xmlns="http://www.microsoft.com/GroupPolicy/GPOOperations/Manifest"><GPOGuid><![CDATA[{7D22AF3A-31C8-4A8F-A5A4-601683C3632E}]]></GPOGuid><GPODomain><![CDATA[domain.com]]></GPODomain><GPODomainGuid><![CDATA[{ef9e6cad-1cd1-445c-b010-b7d42429e993}]]></GPODomainGuid><GPODomainController><![CDATA[comp.domain.com]]></GPODomainController><BackupTime><![CDATA[2021-07-08T17:01:20]]></BackupTime><ID><![CDATA[{8E49EAED-3B86-40F2-AEA3-FE5A9E5ACFE2}]]></ID><Comment><![CDATA[]]></Comment><GPODisplayName><![CDATA[Office 2016 Macros Disable NO BYPASS]]></GPODisplayName></BackupInst>
