<BackupInst xmlns="http://www.microsoft.com/GroupPolicy/GPOOperations/Manifest"><GPOGuid><![CDATA[{EB036425-1831-4776-BD41-87400956728B}]]></GPOGuid><GPODomain><![CDATA[HamiltonMiller.com]]></GPODomain><GPODomainGuid><![CDATA[{620f73a3-1f40-467a-9b1b-a4f8cef68cc0}]]></GPODomainGuid><GPODomainController><![CDATA[HMB-DC02.HamiltonMiller.com]]></GPODomainController><BackupTime><![CDATA[2023-10-03T10:21:02]]></BackupTime><ID><![CDATA[{206C3EA5-F73F-4022-A6B3-EF52C932024C}]]></ID><Comment><![CDATA[]]></Comment><GPODisplayName><![CDATA[AVD-Redirect only default printer]]></GPODisplayName></BackupInst>
