<BackupInst xmlns="http://www.microsoft.com/GroupPolicy/GPOOperations/Manifest"><GPOGuid><![CDATA[{042666D3-88CA-4626-9230-AB3B4EBDE781}]]></GPOGuid><GPODomain><![CDATA[domain.com]]></GPODomain><GPODomainGuid><![CDATA[{bc5325db-740b-49cd-8c45-a2e984f337a1}]]></GPODomainGuid><GPODomainController><![CDATA[domain-DC.domain.com]]></GPODomainController><BackupTime><![CDATA[2020-08-20T19:03:35]]></BackupTime><ID><![CDATA[{D0FF2156-0CAF-497A-8F21-DEABB873CCF5}]]></ID><Comment><![CDATA[]]></Comment><GPODisplayName><![CDATA[SMB1 Disable]]></GPODisplayName></BackupInst>
