<Backups xmlns="http://www.microsoft.com/GroupPolicy/GPOOperations/Manifest" xmlns:mfst="http://www.microsoft.com/GroupPolicy/GPOOperations/Manifest" mfst:version="1.0"><BackupInst><GPOGuid><![CDATA[{C9148738-4D8E-4A33-B784-B149DAF49EC6}]]></GPOGuid><GPODomain><![CDATA[domain.com]]></GPODomain><GPODomainGuid><![CDATA[{ef9e6cad-1cd1-445c-b010-b7d42429e993}]]></GPODomainGuid><GPODomainController><![CDATA[server.domain.com]]></GPODomainController><BackupTime><![CDATA[2021-04-29T16:36:55]]></BackupTime><ID><![CDATA[{228790A8-4B09-4B42-8B21-1F7ACEC14A50}]]></ID><Comment><![CDATA[]]></Comment><GPODisplayName><![CDATA[Firewall - ScreenConnect]]></GPODisplayName></BackupInst></Backups>