<BackupInst xmlns="http://www.microsoft.com/GroupPolicy/GPOOperations/Manifest"><GPOGuid><![CDATA[{27FD5EE0-D6BD-43E4-894E-077D66CE6823}]]></GPOGuid><GPODomain><![CDATA[COMPASSMSP.com]]></GPODomain><GPODomainGuid><![CDATA[{ef9e6cad-1cd1-445c-b010-b7d42429e993}]]></GPODomainGuid><GPODomainController><![CDATA[Compass-DC.COMPASSMSP.com]]></GPODomainController><BackupTime><![CDATA[2021-01-21T18:38:12]]></BackupTime><ID><![CDATA[{61EB9FC9-B890-4F87-84F5-93EB91EE844B}]]></ID><Comment><![CDATA[]]></Comment><GPODisplayName><![CDATA[SSL Weak Ciphers Disable - Breaks Win 7]]></GPODisplayName></BackupInst>
