<BackupInst xmlns="http://www.microsoft.com/GroupPolicy/GPOOperations/Manifest"><GPOGuid><![CDATA[{D06DC939-E3C4-4F09-8CE7-13993AE75D5A}]]></GPOGuid><GPODomain><![CDATA[HamiltonMiller.com]]></GPODomain><GPODomainGuid><![CDATA[{620f73a3-1f40-467a-9b1b-a4f8cef68cc0}]]></GPODomainGuid><GPODomainController><![CDATA[HMB-DC02.HamiltonMiller.com]]></GPODomainController><BackupTime><![CDATA[2023-10-03T10:21:00]]></BackupTime><ID><![CDATA[{8DCBE531-E3BB-4657-9BB1-53CB605EED09}]]></ID><Comment><![CDATA[]]></Comment><GPODisplayName><![CDATA[AVD-Disable widgets]]></GPODisplayName></BackupInst>
