<BackupInst xmlns="http://www.microsoft.com/GroupPolicy/GPOOperations/Manifest"><GPOGuid><![CDATA[{A208D74A-76AF-4D20-9621-167B342A650D}]]></GPOGuid><GPODomain><![CDATA[COMPASSMSP.com]]></GPODomain><GPODomainGuid><![CDATA[{ef9e6cad-1cd1-445c-b010-b7d42429e993}]]></GPODomainGuid><GPODomainController><![CDATA[C-M1-DC3.COMPASSMSP.com]]></GPODomainController><BackupTime><![CDATA[2020-06-30T18:53:18]]></BackupTime><ID><![CDATA[{9237F655-71D9-4454-A3AD-779643FEC594}]]></ID><Comment><![CDATA[]]></Comment><GPODisplayName><![CDATA[Office 2016 Update Settings]]></GPODisplayName></BackupInst>
