<Backups xmlns="http://www.microsoft.com/GroupPolicy/GPOOperations/Manifest" xmlns:mfst="http://www.microsoft.com/GroupPolicy/GPOOperations/Manifest" mfst:version="1.0"><BackupInst><GPOGuid><![CDATA[{FD66A91B-0C72-4D12-9C38-C13BB6C7D91D}]]></GPOGuid><GPODomain><![CDATA[domain.com]]></GPODomain><GPODomainGuid><![CDATA[{ed70218f-b361-47cd-9592-0d34524f3fdd}]]></GPODomainGuid><GPODomainController><![CDATA[server.domain.com]]></GPODomainController><BackupTime><![CDATA[2020-09-02T18:11:52]]></BackupTime><ID><![CDATA[{EA59E0A1-2180-4FBC-8636-1543C7388580}]]></ID><Comment><![CDATA[]]></Comment><GPODisplayName><![CDATA[AutoPlay Disable]]></GPODisplayName></BackupInst></Backups>