<?xml version="1.0" encoding="utf-8"?>
<RegistrySettings clsid="{A3CCFC41-DFDB-43a5-8D26-0FE8B954DA51}"><Registry clsid="{9CD4B2F4-923D-47f5-A062-E897DD1DAD50}" name="ExcludeExplicitO365Endpoint" status="ExcludeExplicitO365Endpoint" image="11" changed="2018-07-09 18:30:57" uid="{9C094FEB-36D1-440D-8231-2F24BC86475A}" removePolicy="1" bypassErrors="1"><Properties action="R" displayDecimal="0" default="0" hive="HKEY_CURRENT_USER" key="SOFTWARE\Policies\Microsoft\office\16.0\outlook\autodiscover" name="ExcludeExplicitO365Endpoint" type="REG_DWORD" value="00000001"/></Registry>
	<Registry clsid="{9CD4B2F4-923D-47f5-A062-E897DD1DAD50}" name="PreferLocalXML" status="PreferLocalXML" image="13" changed="2019-03-28 18:05:08" uid="{9C05A474-E81F-4F35-A264-B70A488CAF57}" bypassErrors="1"><Properties action="D" displayDecimal="1" default="0" hive="HKEY_CURRENT_USER" key="SOFTWARE\Microsoft\Office\16.0\Outlook\AutoDiscover" name="PreferLocalXML" type="REG_DWORD" value="00000001"/></Registry>
	<Registry clsid="{9CD4B2F4-923D-47f5-A062-E897DD1DAD50}" name="excludelastknowngoodurl" status="excludelastknowngoodurl" image="13" changed="2019-03-28 18:06:01" uid="{2F2BE871-E106-42A9-BB00-0D087EA6A262}" bypassErrors="1"><Properties action="D" displayDecimal="0" default="0" hive="HKEY_CURRENT_USER" key="SOFTWARE\Microsoft\Office\16.0\Outlook\AutoDiscover" name="excludelastknowngoodurl" type="REG_DWORD" value="00000001"/></Registry>
	<Registry clsid="{9CD4B2F4-923D-47f5-A062-E897DD1DAD50}" name="excludescplookup" status="excludescplookup" image="13" changed="2019-03-28 18:05:47" uid="{A4F82273-F80D-4187-908F-ACF309AFFD2C}" bypassErrors="1"><Properties action="D" displayDecimal="1" default="0" hive="HKEY_CURRENT_USER" key="SOFTWARE\Microsoft\Office\16.0\Outlook\AutoDiscover" name="excludescplookup" type="REG_DWORD" value="00000001"/></Registry>
	<Registry clsid="{9CD4B2F4-923D-47f5-A062-E897DD1DAD50}" name="excludehttpsrootdomain" status="excludehttpsrootdomain" image="13" changed="2019-03-28 18:06:15" uid="{FB69B023-964E-4518-9660-6A986DBB05CD}" bypassErrors="1"><Properties action="D" displayDecimal="0" default="0" hive="HKEY_CURRENT_USER" key="SOFTWARE\Microsoft\Office\16.0\Outlook\AutoDiscover" name="excludehttpsrootdomain" type="REG_DWORD" value="00000001"/></Registry>
	<Registry clsid="{9CD4B2F4-923D-47f5-A062-E897DD1DAD50}" name="excludesrvrecord" status="excludesrvrecord" image="13" changed="2019-03-28 18:05:30" uid="{BF336514-AA98-4DBF-9AF5-57FD683EC053}" bypassErrors="1"><Properties action="D" displayDecimal="0" default="0" hive="HKEY_CURRENT_USER" key="SOFTWARE\Microsoft\Office\16.0\Outlook\AutoDiscover" name="excludesrvrecord" type="REG_DWORD" value="00000001"/></Registry>
	<Registry clsid="{9CD4B2F4-923D-47f5-A062-E897DD1DAD50}" name="excludehttpsautodiscoverdomain" status="excludehttpsautodiscoverdomain" image="13" changed="2019-03-28 18:06:27" uid="{BC2A22A1-8FC7-483A-AE47-585380DE449F}" bypassErrors="1"><Properties action="D" displayDecimal="1" default="0" hive="HKEY_CURRENT_USER" key="SOFTWARE\Microsoft\Office\16.0\Outlook\AutoDiscover" name="excludehttpsautodiscoverdomain" type="REG_DWORD" value="00000000"/></Registry>
	<Registry clsid="{9CD4B2F4-923D-47f5-A062-E897DD1DAD50}" name="excludehttpredirect" status="excludehttpredirect" image="13" changed="2019-03-28 18:06:40" uid="{4E2B80C0-1E46-4EF7-B9A8-468A864DE40F}" bypassErrors="1"><Properties action="D" displayDecimal="0" default="0" hive="HKEY_CURRENT_USER" key="SOFTWARE\Microsoft\Office\16.0\Outlook\AutoDiscover" name="excludehttpredirect" type="REG_DWORD" value="00000000"/></Registry>
	<Registry clsid="{9CD4B2F4-923D-47f5-A062-E897DD1DAD50}" name="ExcludeExplicitO365Endpoint" status="ExcludeExplicitO365Endpoint" image="11" changed="2018-08-01 18:02:28" uid="{411CE274-D579-4C88-9FAD-7E4E3B05596B}" bypassErrors="1" removePolicy="1"><Properties action="R" displayDecimal="0" default="0" hive="HKEY_CURRENT_USER" key="SOFTWARE\Policies\Microsoft\office\15.0\outlook\autodiscover" name="ExcludeExplicitO365Endpoint" type="REG_DWORD" value="00000001"/></Registry>
	<Registry clsid="{9CD4B2F4-923D-47f5-A062-E897DD1DAD50}" name="PreferLocalXML" status="PreferLocalXML" image="13" changed="2019-03-28 18:05:18" uid="{CBCE6388-B321-4A3F-91B5-0C7C3B8E59D6}" bypassErrors="1"><Properties action="D" displayDecimal="1" default="0" hive="HKEY_CURRENT_USER" key="SOFTWARE\Microsoft\Office\15.0\Outlook\AutoDiscover" name="PreferLocalXML" type="REG_DWORD" value="00000001"/></Registry>
	<Registry clsid="{9CD4B2F4-923D-47f5-A062-E897DD1DAD50}" name="excludelastknowngoodurl" status="excludelastknowngoodurl" image="13" changed="2019-03-28 18:05:55" uid="{7E4A0F8A-2C15-4E7D-AF3F-BD8024B1B918}" bypassErrors="1"><Properties action="D" displayDecimal="0" default="0" hive="HKEY_CURRENT_USER" key="SOFTWARE\Microsoft\Office\15.0\Outlook\AutoDiscover" name="excludelastknowngoodurl" type="REG_DWORD" value="00000001"/></Registry>
	<Registry clsid="{9CD4B2F4-923D-47f5-A062-E897DD1DAD50}" name="excludescplookup" status="excludescplookup" image="13" changed="2019-03-28 18:05:39" uid="{46A18CC4-229B-4C5D-9D58-AB1A0B1ED346}" bypassErrors="1"><Properties action="D" displayDecimal="1" default="0" hive="HKEY_CURRENT_USER" key="SOFTWARE\Microsoft\Office\15.0\Outlook\AutoDiscover" name="excludescplookup" type="REG_DWORD" value="00000001"/></Registry>
	<Registry clsid="{9CD4B2F4-923D-47f5-A062-E897DD1DAD50}" name="excludehttpsrootdomain" status="excludehttpsrootdomain" image="13" changed="2019-03-28 18:06:10" uid="{C1FE849E-F8E5-433F-AC95-CE7C9FC4F09A}" bypassErrors="1"><Properties action="D" displayDecimal="0" default="0" hive="HKEY_CURRENT_USER" key="SOFTWARE\Microsoft\Office\15.0\Outlook\AutoDiscover" name="excludehttpsrootdomain" type="REG_DWORD" value="00000001"/></Registry>
	<Registry clsid="{9CD4B2F4-923D-47f5-A062-E897DD1DAD50}" name="excludesrvrecord" status="excludesrvrecord" image="13" changed="2019-03-28 18:05:24" uid="{26C00C41-A8BD-41C4-A5B5-AAA3B18E6A0A}" bypassErrors="1"><Properties action="D" displayDecimal="0" default="0" hive="HKEY_CURRENT_USER" key="SOFTWARE\Microsoft\Office\15.0\Outlook\AutoDiscover" name="excludesrvrecord" type="REG_DWORD" value="00000001"/></Registry>
	<Registry clsid="{9CD4B2F4-923D-47f5-A062-E897DD1DAD50}" name="excludehttpsautodiscoverdomain" status="excludehttpsautodiscoverdomain" image="13" changed="2019-03-28 18:06:21" uid="{EB0198A4-BDF4-4599-A6C1-6BDD149DF2C4}" bypassErrors="1"><Properties action="D" displayDecimal="1" default="0" hive="HKEY_CURRENT_USER" key="SOFTWARE\Microsoft\Office\15.0\Outlook\AutoDiscover" name="excludehttpsautodiscoverdomain" type="REG_DWORD" value="00000000"/></Registry>
	<Registry clsid="{9CD4B2F4-923D-47f5-A062-E897DD1DAD50}" name="excludehttpredirect" status="excludehttpredirect" image="13" changed="2019-03-28 18:06:34" uid="{3BB916A5-AC02-47F0-9598-EE68049CD1CB}" bypassErrors="1"><Properties action="D" displayDecimal="0" default="0" hive="HKEY_CURRENT_USER" key="SOFTWARE\Microsoft\Office\15.0\Outlook\AutoDiscover" name="excludehttpredirect" type="REG_DWORD" value="00000000"/></Registry>
	<Registry clsid="{9CD4B2F4-923D-47f5-A062-E897DD1DAD50}" name="RedirectServers" status="RedirectServers" image="3" changed="2019-10-28 12:28:08" uid="{AD69B1DA-1BA4-4F35-B7B0-5A5CB2695B3F}"><Properties action="D" displayDecimal="0" default="0" hive="HKEY_CURRENT_USER" key="Software\Microsoft\Office\16.0\Outlook\AutoDiscover\RedirectServers" name="" type="REG_SZ" value=""/></Registry>
	<Registry clsid="{9CD4B2F4-923D-47f5-A062-E897DD1DAD50}" name="RedirectServers" status="RedirectServers" image="2" changed="2019-10-28 12:28:52" uid="{A682F12E-4326-44D3-9E00-3F23C5BF085E}"><Properties action="U" displayDecimal="0" default="0" hive="HKEY_CURRENT_USER" key="Software\Policies\Microsoft\office\16.0\outlook\AutoDiscover\RedirectServers" name="" type="REG_SZ" value=""/></Registry>
</RegistrySettings>
