<BackupInst xmlns="http://www.microsoft.com/GroupPolicy/GPOOperations/Manifest"><GPOGuid><![CDATA[{3EB75F08-339F-4405-BB3D-F0D66A37809B}]]></GPOGuid><GPODomain><![CDATA[bui.wd]]></GPODomain><GPODomainGuid><![CDATA[{ed70218f-b361-47cd-9592-0d34524f3fdd}]]></GPODomainGuid><GPODomainController><![CDATA[server.domain.com]]></GPODomainController><BackupTime><![CDATA[2020-09-09T13:14:30]]></BackupTime><ID><![CDATA[{348F8329-B720-4A7B-BCD1-50FF34AC739E}]]></ID><Comment><![CDATA[]]></Comment><GPODisplayName><![CDATA[Anonymous Enumeration Disable]]></GPODisplayName></BackupInst>
