<Backups xmlns="http://www.microsoft.com/GroupPolicy/GPOOperations/Manifest" xmlns:mfst="http://www.microsoft.com/GroupPolicy/GPOOperations/Manifest" mfst:version="1.0"><BackupInst><GPOGuid><![CDATA[{F9F0F68C-ADC1-43AE-BF0E-E662A8475B99}]]></GPOGuid><GPODomain><![CDATA[domain.com]]></GPODomain><GPODomainGuid><![CDATA[{bc5325db-740b-49cd-8c45-a2e984f337a1}]]></GPODomainGuid><GPODomainController><![CDATA[server.domain.com]]></GPODomainController><BackupTime><![CDATA[2020-12-22T16:24:08]]></BackupTime><ID><![CDATA[{0AE760D7-7E55-462E-AE73-6744299F3349}]]></ID><Comment><![CDATA[]]></Comment><GPODisplayName><![CDATA[WiFi Ad-Hoc Disable]]></GPODisplayName></BackupInst></Backups>