<?xml version="1.0" encoding="utf-8"?>
<RegistrySettings clsid="{A3CCFC41-DFDB-43a5-8D26-0FE8B954DA51}"><Registry clsid="{9CD4B2F4-923D-47f5-A062-E897DD1DAD50}" name="EnableADAL" status="EnableADAL" image="12" changed="2020-08-19 19:05:14" uid="{35ED24CE-1BC6-4C14-9A2F-5CC0798ADC74}"><Properties action="U" displayDecimal="0" default="0" hive="HKEY_CURRENT_USER" key="SOFTWARE\Microsoft\Office\15.0\Common\Identity" name="EnableADAL" type="REG_DWORD" value="00000001"/></Registry>
	<Registry clsid="{9CD4B2F4-923D-47f5-A062-E897DD1DAD50}" name="Version" status="Version" image="12" changed="2020-08-19 19:05:32" uid="{D31E2032-9434-427D-9DF4-11A150422DDD}"><Properties action="U" displayDecimal="0" default="0" hive="HKEY_CURRENT_USER" key="SOFTWARE\Microsoft\Office\15.0\Common\Identity" name="Version" type="REG_DWORD" value="00000000"/></Registry>
	<Registry clsid="{9CD4B2F4-923D-47f5-A062-E897DD1DAD50}" name="AlwaysUseMSOAuthForAutoDiscover" status="AlwaysUseMSOAuthForAutoDiscover" image="12" changed="2020-08-19 19:05:51" uid="{C5B3F4D4-FCF3-4391-93D3-0329B7ACAAF8}"><Properties action="U" displayDecimal="0" default="0" hive="HKEY_CURRENT_USER" key="Software\Microsoft\Exchange" name="AlwaysUseMSOAuthForAutoDiscover" type="REG_DWORD" value="00000001"/></Registry>
</RegistrySettings>
