<Backups xmlns="http://www.microsoft.com/GroupPolicy/GPOOperations/Manifest" xmlns:mfst="http://www.microsoft.com/GroupPolicy/GPOOperations/Manifest" mfst:version="1.0"><BackupInst><GPOGuid><![CDATA[{CDB762FB-CD34-4954-8A94-3687E5D852B8}]]></GPOGuid><GPODomain><![CDATA[domain.com]]></GPODomain><GPODomainGuid><![CDATA[{bc5325db-740b-49cd-8c45-a2e984f337a1}]]></GPODomainGuid><GPODomainController><![CDATA[domain-DC.domain.com]]></GPODomainController><BackupTime><![CDATA[2020-08-20T19:09:40]]></BackupTime><ID><![CDATA[{988A3C87-FE2F-4C41-AC71-A91852FE9546}]]></ID><Comment><![CDATA[]]></Comment><GPODisplayName><![CDATA[LSA Protection]]></GPODisplayName></BackupInst></Backups>