<Backups xmlns="http://www.microsoft.com/GroupPolicy/GPOOperations/Manifest" xmlns:mfst="http://www.microsoft.com/GroupPolicy/GPOOperations/Manifest" mfst:version="1.0"><BackupInst><GPOGuid><![CDATA[{4FEDFFFE-CDA6-43AA-8AA7-CDC52F834CE6}]]></GPOGuid><GPODomain><![CDATA[domain.com]]></GPODomain><GPODomainGuid><![CDATA[{ef9e6cad-1cd1-445c-b010-b7d42429e993}]]></GPODomainGuid><GPODomainController><![CDATA[server.domain.com]]></GPODomainController><BackupTime><![CDATA[2021-06-16T20:06:23]]></BackupTime><ID><![CDATA[{FE00D92C-719A-49D7-BA8C-933FA9CC6ED8}]]></ID><Comment><![CDATA[]]></Comment><GPODisplayName><![CDATA[LSA Protection]]></GPODisplayName></BackupInst></Backups>