<Backups xmlns="http://www.microsoft.com/GroupPolicy/GPOOperations/Manifest" xmlns:mfst="http://www.microsoft.com/GroupPolicy/GPOOperations/Manifest" mfst:version="1.0"><BackupInst><GPOGuid><![CDATA[{C807AEB0-5BEA-41A9-8BEE-512C49314A20}]]></GPOGuid><GPODomain><![CDATA[domain.com]]></GPODomain><GPODomainGuid><![CDATA[{7669df02-d2ff-4cb4-9ace-508ba222a3fc}]]></GPODomainGuid><GPODomainController><![CDATA[server.domain.com]]></GPODomainController><BackupTime><![CDATA[2020-10-01T13:58:32]]></BackupTime><ID><![CDATA[{BB56AB3B-54E3-401E-928E-50286E3603B7}]]></ID><Comment><![CDATA[]]></Comment><GPODisplayName><![CDATA[Acrobat Roam Licensing]]></GPODisplayName></BackupInst></Backups>