<BackupInst xmlns="http://www.microsoft.com/GroupPolicy/GPOOperations/Manifest"><GPOGuid><![CDATA[{E36A4E5F-1C9D-4948-B216-03E957B5B0D7}]]></GPOGuid><GPODomain><![CDATA[domain.com]]></GPODomain><GPODomainGuid><![CDATA[{bc5325db-740b-49cd-8c45-a2e984f337a1}]]></GPODomainGuid><GPODomainController><![CDATA[domain-DC.domain.com]]></GPODomainController><BackupTime><![CDATA[2020-08-20T19:03:00]]></BackupTime><ID><![CDATA[{006C3A83-0B87-4B91-B419-E1DEDE4D0D21}]]></ID><Comment><![CDATA[]]></Comment><GPODisplayName><![CDATA[Remote UAC Enable]]></GPODisplayName></BackupInst>
